open_time,close_time,strat,dir,entry,exit,lots,pnl,commission,swap,market_state_on_open,liquidity_score_on_open,slippage,exec_ms,was_limit
2026.02.02 09:11:17,2026.02.02 09:11:19,EMA,1,4536.66000,4534.68000,0.01,-1.98,-0.03,0.00,0,0.00,0.00000,0,0
2026.02.02 09:12:00,2026.02.02 09:12:30,EMA,1,4537.43000,4537.41000,0.01,-0.02,-0.03,0.00,0,0.00,0.00000,0,0
2026.02.02 09:13:02,2026.02.02 09:17:03,EMA,1,4531.75000,4529.74000,0.01,-2.01,-0.03,0.00,0,0.00,0.00000,0,0
2026.02.02 12:30:32,2026.02.02 12:30:39,EMA,-1,4683.93000,4685.95000,0.01,-2.02,-0.03,0.00,0,0.00,0.00000,0,0
2026.02.02 12:31:26,2026.02.02 12:31:29,EMA,-1,4684.25000,4686.32000,0.01,-2.07,-0.03,0.00,0,0.00,0.00000,0,0
2026.02.03 08:05:30,2026.02.03 08:06:30,EMA,-1,4821.01000,4823.01000,0.01,-2.00,-0.03,0.00,0,0.00,0.00000,0,0
2026.02.03 08:06:20,2026.02.03 08:06:31,EMA,-1,4821.40000,4823.32000,0.01,-1.92,-0.03,0.00,0,0.00,0.00000,0,0
2026.02.03 08:11:02,2026.02.03 08:11:15,EMA,1,4831.08000,4829.12000,0.01,-1.96,-0.03,0.00,0,0.00,0.00000,0,0
2026.02.03 08:12:02,2026.02.03 08:12:14,EMA,1,4837.77000,4835.77000,0.01,-2.00,-0.03,0.00,0,0.00,0.00000,0,0
2026.02.03 08:10:04,2026.02.03 08:14:17,EMA,1,4825.96000,4842.05000,0.01,16.09,-0.03,0.00,0,0.00,0.00000,0,0
2026.02.03 08:13:13,2026.02.03 08:18:41,EMA,1,4838.48000,4854.52000,0.01,16.04,-0.03,0.00,0,0.00,0.00000,0,0
2026.02.03 11:00:03,2026.02.03 11:00:14,EMA,-1,4913.64000,4915.64000,0.01,-2.00,-0.03,0.00,0,0.00,0.00000,0,0
2026.02.03 11:03:29,2026.02.03 11:05:03,EMA,-1,4911.32000,4913.35000,0.01,-2.03,-0.03,0.00,0,0.00,0.00000,0,0
2026.02.03 11:05:02,2026.02.03 11:05:12,EMA,-1,4913.02000,4914.97000,0.01,-1.95,-0.03,0.00,0,0.00,0.00000,0,0
2026.02.03 11:05:24,2026.02.03 11:05:35,EMA,-1,4917.33000,4919.41000,0.01,-2.08,-0.03,0.00,0,0.00,0.00000,0,0
2026.02.03 11:05:36,2026.02.03 11:06:14,EMA,-1,4919.76000,4921.66000,0.01,-1.90,-0.03,0.00,0,0.00,0.00000,0,0
2026.02.04 08:12:00,2026.02.04 08:12:29,EMA,-1,5060.06000,5059.97000,0.01,0.09,-0.03,0.00,0,0.00,0.00000,0,0
2026.02.04 08:11:00,2026.02.04 08:13:37,EMA,-1,5062.89000,5062.79000,0.01,0.10,-0.03,0.00,0,0.00,0.00000,0,0
2026.02.04 08:13:00,2026.02.04 08:14:14,EMA,-1,5061.56000,5063.65000,0.01,-2.09,-0.03,0.00,0,0.00,0.00000,0,0
2026.02.04 08:10:00,2026.02.04 08:15:29,EMA,-1,5064.39000,5054.84000,0.01,9.55,-0.03,0.00,0,0.00,0.00000,0,0
2026.02.04 08:14:00,2026.02.04 08:15:38,EMA,-1,5062.33000,5052.80000,0.01,9.53,-0.03,0.00,0,0.00,0.00000,0,0
2026.02.04 08:50:00,2026.02.04 08:51:42,EMA,1,5075.71000,5075.81000,0.01,0.10,-0.03,0.00,0,0.00,0.00000,0,0
2026.02.04 08:51:00,2026.02.04 08:53:02,EMA,1,5076.06000,5073.97000,0.01,-2.09,-0.03,0.00,0,0.00,0.00000,0,0
2026.02.04 08:54:00,2026.02.04 08:54:28,EMA,1,5077.70000,5075.57000,0.01,-2.13,-0.03,0.00,0,0.00,0.00000,0,0
2026.02.04 08:52:00,2026.02.04 08:54:29,EMA,1,5075.01000,5075.06000,0.01,0.05,-0.03,0.00,0,0.00,0.00000,0,0
2026.02.04 08:53:00,2026.02.04 08:54:30,EMA,1,5074.38000,5074.43000,0.01,0.05,-0.03,0.00,0,0.00,0.00000,0,0
2026.02.04 09:11:29,2026.02.04 09:12:39,EMA,-1,5066.03000,5068.01000,0.01,-1.98,-0.03,0.00,0,0.00,0.00000,0,0
2026.02.04 09:11:30,2026.02.04 09:12:40,EMA,-1,5066.19000,5068.23000,0.01,-2.04,-0.03,0.00,0,0.00,0.00000,0,0
2026.02.04 09:12:28,2026.02.04 09:20:19,EMA,-1,5066.98000,5068.99000,0.01,-2.01,-0.03,0.00,0,0.00,0.00000,0,0
2026.02.04 09:16:30,2026.02.04 09:20:31,EMA,-1,5067.66000,5069.71000,0.01,-2.05,-0.03,0.00,0,0.00,0.00000,0,0
2026.02.04 09:16:37,2026.02.04 09:20:38,EMA,-1,5067.96000,5069.96000,0.01,-2.00,-0.03,0.00,0,0.00,0.00000,0,0
2026.02.05 04:47:39,2026.02.05 04:47:40,EMA,1,4840.45000,4838.03000,0.01,-2.42,-0.03,0.00,0,0.00,0.00000,0,0
2026.02.05 07:00:18,2026.02.05 07:00:20,EMA,-1,4865.05000,4866.96000,0.01,-1.91,-0.03,0.00,0,0.00,0.00000,0,0
2026.02.05 07:02:05,2026.02.05 07:08:39,EMA,-1,4874.56000,4857.19000,0.01,17.37,-0.03,0.00,0,0.00,0.00000,0,0
2026.02.05 07:03:04,2026.02.05 07:08:40,EMA,-1,4874.15000,4856.77000,0.01,17.38,-0.03,0.00,0,0.00,0.00000,0,0
2026.02.05 07:05:05,2026.02.05 07:08:41,EMA,-1,4873.91000,4856.49000,0.01,17.42,-0.03,0.00,0,0.00,0.00000,0,0
2026.02.05 07:42:57,2026.02.05 07:43:19,EMA,-1,4876.26000,4878.28000,0.01,-2.02,-0.03,0.00,0,0.00,0.00000,0,0
2026.02.05 07:46:00,2026.02.05 07:46:20,EMA,1,4901.75000,4901.85000,0.01,0.10,-0.03,0.00,0,0.00,0.00000,0,0
2026.02.05 07:47:00,2026.02.05 07:47:22,EMA,1,4896.58000,4894.44000,0.01,-2.14,-0.03,0.00,0,0.00,0.00000,0,0
2026.02.05 07:49:00,2026.02.05 07:49:14,EMA,1,4892.97000,4890.91000,0.01,-2.06,-0.03,0.00,0,0.00,0.00000,0,0
2026.02.05 07:48:00,2026.02.05 07:57:53,EMA,1,4887.68000,4887.78000,0.01,0.10,-0.03,0.00,0,0.00,0.00000,0,0
2026.02.05 07:45:00,2026.02.05 07:57:55,EMA,1,4885.90000,4887.38000,0.01,1.48,-0.03,0.00,0,0.00,0.00000,0,0
2026.02.05 09:40:02,2026.02.05 09:40:14,EMA,-1,4909.22000,4911.27000,0.01,-2.05,-0.03,0.00,0,0.00,0.00000,0,0
2026.02.05 09:42:29,2026.02.05 09:42:38,EMA,-1,4900.68000,4902.70000,0.01,-2.02,-0.03,0.00,0,0.00,0.00000,0,0
2026.02.05 09:43:27,2026.02.05 09:43:30,EMA,-1,4902.04000,4904.04000,0.01,-2.00,-0.03,0.00,0,0.00,0.00000,0,0
2026.02.05 09:43:38,2026.02.05 09:43:41,EMA,-1,4905.22000,4907.23000,0.01,-2.01,-0.03,0.00,0,0.00,0.00000,0,0
2026.02.05 09:44:05,2026.02.05 09:44:26,EMA,-1,4907.23000,4909.19000,0.01,-1.96,-0.03,0.00,0,0.00,0.00000,0,0
2026.02.06 07:14:39,2026.02.06 07:16:26,EMA,1,4823.59000,4821.54000,0.01,-2.05,-0.03,0.00,0,0.00,0.00000,0,0
2026.02.06 07:12:03,2026.02.06 07:16:27,EMA,1,4823.28000,4821.32000,0.01,-1.96,-0.03,0.00,0,0.00,0.00000,0,0
2026.02.06 07:12:05,2026.02.06 07:16:28,EMA,1,4822.97000,4820.98000,0.01,-1.99,-0.03,0.00,0,0.00,0.00000,0,0
2026.02.06 07:12:13,2026.02.06 07:16:29,EMA,1,4822.91000,4820.87000,0.01,-2.04,-0.03,0.00,0,0.00,0.00000,0,0
2026.02.06 07:13:03,2026.02.06 07:16:29,EMA,1,4822.89000,4820.87000,0.01,-2.02,-0.03,0.00,0,0.00,0.00000,0,0
2026.02.09 07:23:36,2026.02.09 07:29:38,EMA,1,5022.50000,5031.77000,0.01,9.27,-0.03,0.00,0,0.00,0.00000,0,0
2026.02.09 08:22:17,2026.02.09 08:22:20,EMA,1,5021.27000,5019.34000,0.01,-1.93,-0.03,0.00,0,0.00,0.00000,0,0
2026.02.09 08:22:17,2026.02.09 08:22:20,EMA,1,5021.11000,5019.18000,0.01,-1.93,-0.03,0.00,0,0.00,0.00000,0,0
2026.02.09 08:22:17,2026.02.09 08:22:20,EMA,1,5021.11000,5019.18000,0.01,-1.93,-0.03,0.00,0,0.00,0.00000,0,0
2026.02.09 08:22:18,2026.02.09 08:22:27,EMA,1,5020.33000,5018.42000,0.01,-1.91,-0.03,0.00,0,0.00,0.00000,0,0
2026.02.09 08:25:00,2026.02.09 08:25:29,EMA,-1,5022.00000,5024.10000,0.01,-2.10,-0.03,0.00,0,0.00,0.00000,0,0
2026.02.10 07:20:37,2026.02.10 07:27:16,EMA,-1,5024.70000,5018.25000,0.01,6.45,-0.03,0.00,0,0.00,0.00000,0,0
2026.02.10 07:23:16,2026.02.10 07:27:16,EMA,-1,5024.53000,5018.25000,0.01,6.28,-0.03,0.00,0,0.00,0.00000,0,0
2026.02.10 07:31:59,2026.02.10 07:35:40,EMA,-1,5023.42000,5025.46000,0.01,-2.04,-0.03,0.00,0,0.00,0.00000,0,0
2026.02.10 07:35:40,2026.02.10 07:39:30,EMA,-1,5025.40000,5027.48000,0.01,-2.08,-0.03,0.00,0,0.00,0.00000,0,0
2026.02.10 07:36:29,2026.02.10 07:39:37,EMA,-1,5026.26000,5028.34000,0.01,-2.08,-0.03,0.00,0,0.00,0.00000,0,0
2026.02.10 07:48:28,2026.02.10 07:50:20,EMA,1,5036.21000,5034.16000,0.01,-2.05,-0.03,0.00,0,0.00,0.00000,0,0
2026.02.10 07:49:39,2026.02.10 07:50:39,EMA,1,5034.74000,5032.68000,0.01,-2.06,-0.03,0.00,0,0.00,0.00000,0,0
2026.02.10 07:51:14,2026.02.10 07:53:31,EMA,1,5031.47000,5039.42000,0.01,7.95,-0.03,0.00,0,0.00,0.00000,0,0
2026.02.10 07:50:39,2026.02.10 08:06:30,EMA,1,5032.74000,5040.76000,0.01,8.02,-0.03,0.00,0,0.00,0.00000,0,0
2026.02.10 07:50:38,2026.02.10 08:06:31,EMA,1,5032.97000,5040.97000,0.01,8.00,-0.03,0.00,0,0.00,0.00000,0,0
2026.02.10 08:45:28,2026.02.10 08:46:27,EMA,-1,5029.80000,5031.86000,0.01,-2.06,-0.03,0.00,0,0.00,0.00000,0,0
2026.02.10 08:46:30,2026.02.10 08:46:42,EMA,-1,5032.69000,5034.73000,0.01,-2.04,-0.03,0.00,0,0.00,0.00000,0,0
2026.02.10 09:12:19,2026.02.10 09:12:35,EMA,-1,5031.20000,5033.19000,0.01,-1.99,-0.03,0.00,0,0.00,0.00000,0,0
2026.02.10 09:12:37,2026.02.10 09:22:19,EMA,-1,5033.74000,5026.04000,0.01,7.70,-0.03,0.00,0,0.00,0.00000,0,0
2026.02.10 09:54:26,2026.02.10 09:54:40,EMA,1,5033.35000,5031.29000,0.01,-2.06,-0.03,0.00,0,0.00,0.00000,0,0
2026.02.10 09:52:40,2026.02.10 09:55:23,EMA,1,5032.84000,5030.89000,0.01,-1.95,-0.03,0.00,0,0.00,0.00000,0,0
2026.02.10 09:54:38,2026.02.10 10:00:38,EMA,1,5031.79000,5029.73000,0.01,-2.06,-0.03,0.00,0,0.00,0.00000,0,0
2026.02.10 09:55:36,2026.02.10 10:04:59,EMA,1,5030.26000,5038.82000,0.01,8.56,-0.03,0.00,0,0.00,0.00000,0,0
2026.02.10 14:44:29,2026.02.10 14:44:36,EMA,1,5029.16000,5027.13000,0.01,-2.03,-0.03,0.00,0,0.00,0.00000,0,0
2026.02.11 07:35:00,2026.02.11 07:37:40,EMA,1,5057.77000,5062.59000,0.01,4.82,-0.03,0.00,0,0.00,0.00000,0,0
2026.02.11 07:39:00,2026.02.11 07:42:03,EMA,1,5061.59000,5061.69000,0.01,0.10,-0.03,0.00,0,0.00,0.00000,0,0
2026.02.11 07:37:00,2026.02.11 07:45:30,EMA,1,5060.71000,5060.79000,0.01,0.08,-0.03,0.00,0,0.00,0.00000,0,0
2026.02.11 07:36:00,2026.02.11 07:45:30,EMA,1,5060.50000,5060.59000,0.01,0.09,-0.03,0.00,0,0.00,0.00000,0,0
2026.02.11 07:38:00,2026.02.11 07:45:36,EMA,1,5062.56000,5060.50000,0.01,-2.06,-0.03,0.00,0,0.00,0.00000,0,0
2026.02.11 07:56:00,2026.02.11 07:56:38,EMA,-1,5046.81000,5048.87000,0.01,-2.06,-0.03,0.00,0,0.00,0.00000,0,0
2026.02.11 07:56:36,2026.02.11 07:57:27,EMA,-1,5048.46000,5050.53000,0.01,-2.07,-0.03,0.00,0,0.00,0.00000,0,0
2026.02.11 07:57:24,2026.02.11 07:58:17,EMA,-1,5049.91000,5051.91000,0.01,-2.00,-0.03,0.00,0,0.00,0.00000,0,0
2026.02.11 07:58:38,2026.02.11 08:08:27,EMA,-1,5052.79000,5054.79000,0.01,-2.00,-0.03,0.00,0,0.00,0.00000,0,0
2026.02.11 08:00:40,2026.02.11 08:08:36,EMA,-1,5053.73000,5055.75000,0.01,-2.02,-0.03,0.00,0,0.00,0.00000,0,0
2026.02.12 08:12:29,2026.02.12 08:13:36,EMA,-1,5066.71000,5068.69000,0.01,-1.98,-0.03,0.00,0,0.00,0.00000,0,0
2026.02.12 08:10:30,2026.02.12 08:15:00,EMA,-1,5067.34000,5069.34000,0.01,-2.00,-0.03,0.00,0,0.00,0.00000,0,0
2026.02.12 08:13:18,2026.02.12 08:15:02,EMA,-1,5067.62000,5069.66000,0.01,-2.04,-0.03,0.00,0,0.00,0.00000,0,0
2026.02.12 08:13:28,2026.02.12 08:15:13,EMA,-1,5068.22000,5070.24000,0.01,-2.02,-0.03,0.00,0,0.00,0.00000,0,0
2026.02.12 09:14:39,2026.02.12 09:18:19,EMA,1,5063.73000,5061.72000,0.01,-2.01,-0.03,0.00,0,0.00,0.00000,0,0
2026.02.12 09:10:38,2026.02.12 09:18:36,EMA,1,5062.80000,5060.75000,0.01,-2.05,-0.03,0.00,0,0.00,0.00000,0,0
2026.02.12 09:11:40,2026.02.12 09:21:14,EMA,1,5061.99000,5059.97000,0.01,-2.02,-0.03,0.00,0,0.00,0.00000,0,0
2026.02.12 09:13:13,2026.02.12 09:21:16,EMA,1,5061.64000,5059.67000,0.01,-1.97,-0.03,0.00,0,0.00,0.00000,0,0
2026.02.12 09:18:28,2026.02.12 09:21:25,EMA,1,5061.18000,5059.24000,0.01,-1.94,-0.03,0.00,0,0.00,0.00000,0,0
2026.02.13 09:00:10,2026.02.13 09:00:25,EMA,1,4966.33000,4964.33000,0.01,-2.00,-0.03,0.00,0,0.00,0.00000,0,0
2026.02.13 09:01:19,2026.02.13 09:01:29,EMA,1,4960.63000,4958.62000,0.01,-2.01,-0.03,0.00,0,0.00,0.00000,0,0
2026.02.13 11:10:26,2026.02.13 11:11:14,EMA,-1,4978.57000,4980.60000,0.01,-2.03,-0.03,0.00,0,0.00,0.00000,0,0
2026.02.13 11:16:00,2026.02.13 11:16:35,EMA,-1,4978.67000,4980.60000,0.01,-1.93,-0.03,0.00,0,0.00,0.00000,0,0
2026.02.13 12:30:37,2026.02.13 12:33:20,EMA,1,4976.15000,4974.20000,0.01,-1.95,-0.03,0.00,0,0.00,0.00000,0,0
2026.02.13 12:33:18,2026.02.13 12:33:28,EMA,1,4974.89000,4972.95000,0.01,-1.94,-0.03,0.00,0,0.00,0.00000,0,0
2026.02.13 12:33:19,2026.02.13 12:33:29,EMA,1,4974.68000,4972.53000,0.01,-2.15,-0.03,0.00,0,0.00,0.00000,0,0
2026.02.13 12:33:20,2026.02.13 12:33:30,EMA,1,4974.26000,4972.32000,0.01,-1.94,-0.03,0.00,0,0.00,0.00000,0,0
2026.02.16 07:10:14,2026.02.16 07:30:35,EMA,1,4982.64000,4989.55000,0.01,6.91,-0.03,0.00,0,0.00,0.00000,0,0
2026.02.16 07:14:22,2026.02.16 08:00:00,EMA,1,4983.98000,4990.79000,0.01,6.81,-0.03,0.00,0,0.00,0.00000,0,0
2026.02.16 07:14:15,2026.02.16 08:00:15,EMA,1,4984.17000,4991.01000,0.01,6.84,-0.03,0.00,0,0.00,0.00000,0,0
2026.02.16 12:15:28,2026.02.16 12:16:31,EMA,-1,5008.85000,5010.89000,0.01,-2.04,-0.03,0.00,0,0.00,0.00000,0,0
2026.02.16 12:16:27,2026.02.16 12:16:39,EMA,-1,5009.95000,5011.90000,0.01,-1.95,-0.03,0.00,0,0.00,0.00000,0,0
2026.02.16 12:45:40,2026.02.16 12:59:39,EMA,-1,5010.75000,5006.00000,0.01,4.75,-0.03,0.00,0,0.00,0.00000,0,0
2026.02.16 13:46:38,2026.02.16 13:48:25,EMA,1,5005.88000,5003.84000,0.01,-2.04,-0.03,0.00,0,0.00,0.00000,0,0
2026.02.16 13:47:20,2026.02.16 13:48:26,EMA,1,5005.81000,5003.72000,0.01,-2.09,-0.03,0.00,0,0.00,0.00000,0,0
2026.02.16 13:47:46,2026.02.16 13:48:37,EMA,1,5004.91000,5002.89000,0.01,-2.02,-0.03,0.00,0,0.00,0.00000,0,0
2026.02.16 13:52:24,2026.02.16 13:52:36,EMA,-1,5003.75000,5005.77000,0.01,-2.02,-0.03,0.00,0,0.00,0.00000,0,0
2026.02.16 13:52:25,2026.02.16 13:52:37,EMA,-1,5003.93000,5005.95000,0.01,-2.02,-0.03,0.00,0,0.00,0.00000,0,0
2026.02.16 13:52:25,2026.02.16 13:52:38,EMA,-1,5004.11000,5006.13000,0.01,-2.02,-0.03,0.00,0,0.00,0.00000,0,0
2026.02.16 16:47:03,2026.02.16 16:53:13,EMA,1,4982.30000,4989.14000,0.01,6.84,-0.03,0.00,0,0.00,0.00000,0,0
2026.02.16 18:47:36,2026.02.16 19:01:39,EMA,1,4985.40000,4990.97000,0.01,5.57,-0.03,0.00,0,0.00,0.00000,0,0
2026.02.16 18:47:03,2026.02.16 19:03:18,EMA,1,4986.09000,4991.74000,0.01,5.65,-0.03,0.00,0,0.00,0.00000,0,0
2026.02.16 18:46:35,2026.02.16 19:03:20,EMA,1,4986.43000,4991.99000,0.01,5.56,-0.03,0.00,0,0.00,0.00000,0,0
2026.02.16 18:32:37,2026.02.16 19:03:27,EMA,1,4986.93000,4992.56000,0.01,5.63,-0.03,0.00,0,0.00,0.00000,0,0
2026.02.16 20:05:24,2026.02.16 20:06:39,EMA,-1,4990.42000,4992.45000,0.01,-2.03,-0.03,0.00,0,0.00,0.00000,0,0
2026.02.16 20:18:40,2026.02.16 20:21:35,EMA,1,4992.84000,4996.07000,0.01,3.23,-0.03,0.00,0,0.00,0.00000,0,0
2026.02.16 20:18:36,2026.02.16 20:22:37,EMA,1,4993.13000,4996.32000,0.01,3.19,-0.03,0.00,0,0.00,0.00000,0,0
2026.02.16 20:18:30,2026.02.16 20:22:38,EMA,1,4993.19000,4996.38000,0.01,3.19,-0.03,0.00,0,0.00,0.00000,0,0
2026.02.16 20:30:36,2026.02.16 20:44:36,EMA,1,4991.91000,4995.13000,0.01,3.22,-0.03,0.00,0,0.00,0.00000,0,0
2026.02.16 20:30:24,2026.02.16 20:45:20,EMA,1,4992.72000,4995.94000,0.01,3.22,-0.03,0.00,0,0.00,0.00000,0,0
2026.02.17 02:04:31,2026.02.17 02:06:29,EMA,1,4985.09000,4983.03000,0.01,-2.06,-0.03,0.00,0,0.00,0.00000,0,0
2026.02.17 08:40:38,2026.02.17 08:47:25,EMA,1,4907.50000,4905.54000,0.01,-1.96,-0.03,0.00,0,0.00,0.00000,0,0
2026.02.17 08:47:27,2026.02.17 08:47:36,EMA,1,4904.36000,4902.44000,0.01,-1.92,-0.03,0.00,0,0.00,0.00000,0,0
2026.02.17 08:35:39,2026.02.17 08:47:36,EMA,1,4904.37000,4902.13000,0.01,-2.24,-0.03,0.00,0,0.00,0.00000,0,0
2026.02.17 08:47:27,2026.02.17 08:47:36,EMA,1,4904.36000,4902.13000,0.01,-2.23,-0.03,0.00,0,0.00,0.00000,0,0
2026.02.17 08:47:27,2026.02.17 08:47:36,EMA,1,4904.36000,4902.13000,0.01,-2.23,-0.03,0.00,0,0.00,0.00000,0,0
2026.02.18 08:08:00,2026.02.18 08:17:35,EMA,-1,4930.42000,4925.90000,0.01,4.52,-0.03,0.00,0,0.00,0.00000,0,0
2026.02.18 08:07:00,2026.02.18 08:17:35,EMA,-1,4930.32000,4925.81000,0.01,4.51,-0.03,0.00,0,0.00,0.00000,0,0
2026.02.18 08:09:00,2026.02.18 08:20:29,EMA,-1,4928.58000,4928.49000,0.01,0.09,-0.03,0.00,0,0.00,0.00000,0,0
2026.02.18 08:46:26,2026.02.18 08:49:20,EMA,-1,4933.05000,4935.03000,0.01,-1.98,-0.03,0.00,0,0.00,0.00000,0,0
2026.02.18 08:46:34,2026.02.18 08:49:27,EMA,-1,4933.27000,4935.29000,0.01,-2.02,-0.03,0.00,0,0.00,0.00000,0,0
2026.02.18 08:50:29,2026.02.18 08:55:38,EMA,1,4934.68000,4932.74000,0.01,-1.94,-0.03,0.00,0,0.00,0.00000,0,0
2026.02.18 08:53:36,2026.02.18 08:55:38,EMA,1,4934.88000,4932.74000,0.01,-2.14,-0.03,0.00,0,0.00,0.00000,0,0
2026.02.18 08:55:28,2026.02.18 08:59:24,EMA,1,4933.66000,4931.70000,0.01,-1.96,-0.03,0.00,0,0.00,0.00000,0,0
2026.02.18 08:55:29,2026.02.18 08:59:25,EMA,1,4933.48000,4931.46000,0.01,-2.02,-0.03,0.00,0,0.00,0.00000,0,0
2026.02.18 08:55:36,2026.02.18 08:59:33,EMA,1,4933.15000,4931.12000,0.01,-2.03,-0.03,0.00,0,0.00,0.00000,0,0
2026.02.19 08:45:13,2026.02.19 08:45:25,EMA,-1,5011.68000,5013.58000,0.01,-1.90,-0.03,0.00,0,0.00,0.00000,0,0
2026.02.19 08:45:13,2026.02.19 08:45:25,EMA,-1,5011.68000,5013.58000,0.01,-1.90,-0.03,0.00,0,0.00,0.00000,0,0
2026.02.19 10:03:38,2026.02.19 10:09:37,EMA,-1,5009.19000,5011.18000,0.01,-1.99,-0.03,0.00,0,0.00,0.00000,0,0
2026.02.19 10:06:28,2026.02.19 10:14:35,EMA,-1,5010.13000,5012.13000,0.01,-2.00,-0.03,0.00,0,0.00,0.00000,0,0
2026.02.19 10:06:29,2026.02.19 10:14:36,EMA,-1,5010.20000,5012.18000,0.01,-1.98,-0.03,0.00,0,0.00,0.00000,0,0
2026.02.19 10:06:37,2026.02.19 10:16:16,EMA,-1,5010.40000,5012.42000,0.01,-2.02,-0.03,0.00,0,0.00,0.00000,0,0
2026.02.19 10:13:38,2026.02.19 10:19:27,EMA,-1,5011.52000,5013.51000,0.01,-1.99,-0.03,0.00,0,0.00,0.00000,0,0
2026.02.20 09:25:00,2026.02.20 09:25:40,EMA,-1,5012.10000,5014.20000,0.01,-2.10,-0.03,0.00,0,0.00,0.00000,0,0
2026.02.20 09:26:00,2026.02.20 09:28:28,EMA,-1,5013.24000,5013.14000,0.01,0.10,-0.03,0.00,0,0.00,0.00000,0,0
2026.02.20 09:27:00,2026.02.20 09:28:32,EMA,-1,5013.74000,5013.70000,0.01,0.04,-0.03,0.00,0,0.00,0.00000,0,0
2026.02.20 09:28:00,2026.02.20 09:28:43,EMA,-1,5012.24000,5014.32000,0.01,-2.08,-0.03,0.00,0,0.00,0.00000,0,0
2026.02.20 09:29:00,2026.02.20 09:35:27,EMA,-1,5015.37000,5015.28000,0.01,0.09,-0.03,0.00,0,0.00,0.00000,0,0
2026.02.20 10:32:00,2026.02.20 10:32:41,EMA,1,5021.97000,5019.91000,0.01,-2.06,-0.03,0.00,0,0.00,0.00000,0,0
2026.02.20 10:33:00,2026.02.20 10:38:38,EMA,1,5020.29000,5027.11000,0.01,6.82,-0.03,0.00,0,0.00,0.00000,0,0
2026.02.20 10:31:00,2026.02.20 10:43:03,EMA,1,5020.77000,5021.98000,0.01,1.21,-0.03,0.00,0,0.00,0.00000,0,0
2026.02.20 10:34:00,2026.02.20 10:43:03,EMA,1,5021.22000,5021.98000,0.01,0.76,-0.03,0.00,0,0.00,0.00000,0,0
2026.02.20 12:02:14,2026.02.20 12:07:15,EMA,-1,5028.68000,5022.90000,0.01,5.78,-0.03,0.00,0,0.00,0.00000,0,0
2026.02.20 12:03:27,2026.02.20 12:11:04,EMA,-1,5026.25000,5020.47000,0.01,5.78,-0.03,0.00,0,0.00,0.00000,0,0
2026.02.20 12:16:29,2026.02.20 12:17:38,EMA,-1,5026.94000,5028.95000,0.01,-2.01,-0.03,0.00,0,0.00,0.00000,0,0
2026.02.20 12:17:37,2026.02.20 12:19:38,EMA,-1,5028.82000,5030.77000,0.01,-1.95,-0.03,0.00,0,0.00,0.00000,0,0
2026.02.20 12:17:37,2026.02.20 12:19:38,EMA,-1,5028.82000,5030.83000,0.01,-2.01,-0.03,0.00,0,0.00,0.00000,0,0
2026.02.20 12:38:38,2026.02.20 12:42:24,EMA,1,5036.16000,5034.14000,0.01,-2.02,-0.03,0.00,0,0.00,0.00000,0,0
2026.02.20 12:39:00,2026.02.20 12:42:26,EMA,1,5035.94000,5033.88000,0.01,-2.06,-0.03,0.00,0,0.00,0.00000,0,0
2026.02.20 12:41:57,2026.02.20 12:44:12,EMA,1,5034.80000,5032.80000,0.01,-2.00,-0.03,0.00,0,0.00,0.00000,0,0
2026.02.20 12:42:18,2026.02.20 12:45:19,EMA,1,5034.36000,5032.22000,0.01,-2.14,-0.03,0.00,0,0.00,0.00000,0,0
2026.02.20 12:45:19,2026.02.20 12:45:29,EMA,1,5032.46000,5030.42000,0.01,-2.04,-0.03,0.00,0,0.00,0.00000,0,0
2026.02.20 13:48:39,2026.02.20 14:01:38,EMA,1,5017.50000,5015.45000,0.01,-2.05,-0.03,0.00,0,0.00,0.00000,0,0
2026.02.23 07:56:33,2026.02.23 08:29:26,EMA,1,5157.78000,5155.67000,0.01,-2.11,-0.03,0.00,0,0.00,0.00000,0,0
2026.02.23 07:58:36,2026.02.23 08:29:26,EMA,1,5157.74000,5155.67000,0.01,-2.07,-0.03,0.00,0,0.00,0.00000,0,0
2026.02.23 07:56:34,2026.02.23 08:29:27,EMA,1,5157.60000,5155.53000,0.01,-2.07,-0.03,0.00,0,0.00,0.00000,0,0
2026.02.23 08:29:15,2026.02.23 08:29:27,EMA,1,5157.43000,5155.53000,0.01,-1.90,-0.03,0.00,0,0.00,0.00000,0,0
2026.02.23 08:08:39,2026.02.23 08:29:27,EMA,1,5157.59000,5155.53000,0.01,-2.06,-0.03,0.00,0,0.00,0.00000,0,0
2026.02.24 07:17:30,2026.02.24 07:27:31,EMA,1,5172.51000,5170.47000,0.01,-2.04,-0.03,0.00,0,0.00,0.00000,0,0
2026.02.24 07:19:29,2026.02.24 07:27:32,EMA,1,5172.33000,5170.32000,0.01,-2.01,-0.03,0.00,0,0.00,0.00000,0,0
2026.02.24 07:26:37,2026.02.24 07:27:44,EMA,1,5171.58000,5169.57000,0.01,-2.01,-0.03,0.00,0,0.00,0.00000,0,0
2026.02.24 07:26:37,2026.02.24 07:27:44,EMA,1,5171.51000,5169.49000,0.01,-2.02,-0.03,0.00,0,0.00,0.00000,0,0
2026.02.24 07:30:39,2026.02.24 07:31:40,EMA,-1,5168.65000,5170.68000,0.01,-2.03,-0.03,0.00,0,0.00,0.00000,0,0
2026.02.24 07:31:38,2026.02.24 07:32:05,EMA,-1,5169.70000,5171.63000,0.01,-1.93,-0.03,0.00,0,0.00,0.00000,0,0
2026.02.25 07:04:35,2026.02.25 07:17:38,EMA,1,5187.07000,5192.46000,0.01,5.39,-0.03,0.00,0,0.00,0.00000,0,0
2026.02.25 08:08:30,2026.02.25 08:08:40,EMA,1,5185.50000,5183.43000,0.01,-2.07,-0.03,0.00,0,0.00,0.00000,0,0
2026.02.25 08:08:41,2026.02.25 08:10:29,EMA,1,5182.95000,5188.40000,0.01,5.45,-0.03,0.00,0,0.00,0.00000,0,0
2026.02.25 08:08:40,2026.02.25 08:10:37,EMA,1,5183.35000,5188.81000,0.01,5.46,-0.03,0.00,0,0.00,0.00000,0,0
2026.02.25 08:10:00,2026.02.25 08:10:38,EMA,-1,5186.96000,5189.05000,0.01,-2.09,-0.03,0.00,0,0.00,0.00000,0,0
2026.02.25 08:13:00,2026.02.25 08:14:19,EMA,-1,5187.90000,5187.81000,0.01,0.09,-0.03,0.00,0,0.00,0.00000,0,0
2026.02.25 08:14:00,2026.02.25 08:14:25,EMA,-1,5186.13000,5188.26000,0.01,-2.13,-0.03,0.00,0,0.00,0.00000,0,0
2026.02.25 08:11:00,2026.02.25 08:14:27,EMA,-1,5188.88000,5188.87000,0.01,0.01,-0.03,0.00,0,0.00,0.00000,0,0
2026.02.25 08:12:00,2026.02.25 08:14:29,EMA,-1,5190.04000,5189.94000,0.01,0.10,-0.03,0.00,0,0.00,0.00000,0,0
2026.02.25 09:54:03,2026.02.25 10:00:16,EMA,1,5181.68000,5187.16000,0.01,5.48,-0.03,0.00,0,0.00,0.00000,0,0
2026.02.25 10:25:29,2026.02.25 10:27:35,EMA,1,5192.31000,5190.30000,0.01,-2.01,-0.03,0.00,0,0.00,0.00000,0,0
2026.02.25 10:27:33,2026.02.25 10:35:39,EMA,1,5190.53000,5196.27000,0.01,5.74,-0.03,0.00,0,0.00,0.00000,0,0
2026.02.25 10:27:26,2026.02.25 10:35:40,EMA,1,5190.68000,5196.34000,0.01,5.66,-0.03,0.00,0,0.00,0.00000,0,0
2026.02.25 10:27:26,2026.02.25 10:35:41,EMA,1,5190.74000,5196.41000,0.01,5.67,-0.03,0.00,0,0.00,0.00000,0,0
2026.02.25 10:20:36,2026.02.25 10:37:38,EMA,1,5191.47000,5197.19000,0.01,5.72,-0.03,0.00,0,0.00,0.00000,0,0
2026.02.25 11:01:38,2026.02.25 11:03:27,EMA,-1,5186.52000,5181.45000,0.01,5.07,-0.03,0.00,0,0.00,0.00000,0,0
2026.02.25 11:01:30,2026.02.25 11:03:28,EMA,-1,5186.09000,5180.91000,0.01,5.18,-0.03,0.00,0,0.00,0.00000,0,0
2026.02.25 11:04:00,2026.02.25 11:05:30,EMA,-1,5180.57000,5182.69000,0.01,-2.12,-0.03,0.00,0,0.00,0.00000,0,0
2026.02.25 11:09:37,2026.02.25 11:11:22,EMA,-1,5184.57000,5186.54000,0.01,-1.97,-0.03,0.00,0,0.00,0.00000,0,0
2026.02.25 11:11:15,2026.02.25 11:22:14,EMA,-1,5186.31000,5188.31000,0.01,-2.00,-0.03,0.00,0,0.00,0.00000,0,0
2026.02.25 11:41:23,2026.02.25 11:50:30,EMA,1,5191.75000,5189.73000,0.01,-2.02,-0.03,0.00,0,0.00,0.00000,0,0
2026.02.25 11:43:24,2026.02.25 11:50:30,EMA,1,5191.75000,5189.73000,0.01,-2.02,-0.03,0.00,0,0.00,0.00000,0,0
2026.02.25 11:44:36,2026.02.25 11:50:41,EMA,1,5191.24000,5189.21000,0.01,-2.03,-0.03,0.00,0,0.00,0.00000,0,0
2026.02.25 11:45:03,2026.02.25 11:55:27,EMA,1,5190.86000,5188.86000,0.01,-2.00,-0.03,0.00,0,0.00,0.00000,0,0
2026.02.25 11:50:28,2026.02.25 11:56:04,EMA,1,5190.03000,5188.06000,0.01,-1.97,-0.03,0.00,0,0.00,0.00000,0,0
2026.02.26 07:03:37,2026.02.26 07:08:37,EMA,-1,5191.87000,5193.79000,0.01,-1.92,-0.03,0.00,0,0.00,0.00000,0,0
2026.02.26 07:04:25,2026.02.26 07:10:27,EMA,-1,5192.88000,5194.82000,0.01,-1.94,-0.03,0.00,0,0.00,0.00000,0,0
2026.02.26 07:04:26,2026.02.26 07:10:28,EMA,-1,5192.97000,5194.97000,0.01,-2.00,-0.03,0.00,0,0.00,0.00000,0,0
2026.02.26 07:15:00,2026.02.26 07:16:04,EMA,1,5198.09000,5201.87000,0.01,3.78,-0.03,0.00,0,0.00,0.00000,0,0
2026.02.26 07:37:58,2026.02.26 07:40:27,EMA,1,5196.28000,5200.04000,0.01,3.76,-0.03,0.00,0,0.00,0.00000,0,0
2026.02.26 07:46:26,2026.02.26 07:48:30,EMA,1,5194.35000,5192.35000,0.01,-2.00,-0.03,0.00,0,0.00,0.00000,0,0
2026.02.26 07:46:29,2026.02.26 07:48:38,EMA,1,5193.93000,5191.96000,0.01,-1.97,-0.03,0.00,0,0.00,0.00000,0,0
2026.02.26 07:46:37,2026.02.26 07:48:41,EMA,1,5193.57000,5191.55000,0.01,-2.02,-0.03,0.00,0,0.00,0.00000,0,0
2026.02.26 07:55:00,2026.02.26 07:55:27,EMA,-1,5194.21000,5196.31000,0.01,-2.10,-0.03,0.00,0,0.00,0.00000,0,0
2026.02.26 08:16:40,2026.02.26 08:18:38,EMA,1,5197.03000,5195.04000,0.01,-1.99,-0.03,0.00,0,0.00,0.00000,0,0
2026.02.26 08:18:17,2026.02.26 08:20:39,EMA,1,5196.45000,5194.44000,0.01,-2.01,-0.03,0.00,0,0.00,0.00000,0,0
2026.02.26 08:18:19,2026.02.26 08:20:41,EMA,1,5196.14000,5194.15000,0.01,-1.99,-0.03,0.00,0,0.00,0.00000,0,0
2026.02.26 08:18:29,2026.02.26 08:23:04,EMA,1,5195.52000,5193.46000,0.01,-2.06,-0.03,0.00,0,0.00,0.00000,0,0
2026.02.27 08:56:55,2026.02.27 09:00:02,EMA,1,5186.86000,5184.84000,0.01,-2.02,-0.03,0.00,0,0.00,0.00000,0,0
2026.02.27 08:57:27,2026.02.27 09:00:04,EMA,1,5186.33000,5184.32000,0.01,-2.01,-0.03,0.00,0,0.00,0.00000,0,0
2026.02.27 08:57:28,2026.02.27 09:00:04,EMA,1,5186.24000,5184.19000,0.01,-2.05,-0.03,0.00,0,0.00,0.00000,0,0
2026.02.27 08:57:30,2026.02.27 09:00:12,EMA,1,5186.00000,5184.02000,0.01,-1.98,-0.03,0.00,0,0.00,0.00000,0,0
2026.02.27 08:57:40,2026.02.27 09:00:15,EMA,1,5185.54000,5183.50000,0.01,-2.04,-0.03,0.00,0,0.00,0.00000,0,0
2026.02.27 15:01:41,2026.02.27 15:05:05,EMA,-1,5193.65000,5195.62000,0.01,-1.97,-0.03,0.00,0,0.00,0.00000,0,0
2026.02.27 15:01:42,2026.02.27 15:05:13,EMA,-1,5193.71000,5195.68000,0.01,-1.97,-0.03,0.00,0,0.00,0.00000,0,0
2026.02.27 15:01:42,2026.02.27 15:05:14,EMA,-1,5193.71000,5195.72000,0.01,-2.01,-0.03,0.00,0,0.00,0.00000,0,0
2026.02.27 15:01:42,2026.02.27 15:05:14,EMA,-1,5193.77000,5195.74000,0.01,-1.97,-0.03,0.00,0,0.00,0.00000,0,0
2026.02.27 15:01:42,2026.02.27 15:06:30,EMA,-1,5193.77000,5195.78000,0.01,-2.01,-0.03,0.00,0,0.00,0.00000,0,0
2026.03.02 07:42:00,2026.03.02 07:42:04,EMA,1,5360.63000,5358.42000,0.01,-2.21,-0.03,0.00,0,0.00,0.00000,0,0
2026.03.02 07:43:00,2026.03.02 07:44:13,EMA,1,5360.84000,5360.92000,0.01,0.08,-0.03,0.00,0,0.00,0.00000,0,0
2026.03.02 07:44:00,2026.03.02 07:45:14,EMA,1,5361.60000,5359.47000,0.01,-2.13,-0.03,0.00,0,0.00,0.00000,0,0
2026.03.02 07:40:14,2026.03.02 07:50:38,EMA,1,5357.63000,5365.71000,0.01,8.08,-0.03,0.00,0,0.00,0.00000,0,0
2026.03.02 07:42:05,2026.03.02 07:59:40,EMA,1,5358.17000,5366.41000,0.01,8.24,-0.03,0.00,0,0.00,0.00000,0,0
2026.03.02 10:45:28,2026.03.02 10:45:38,EMA,-1,5403.08000,5405.08000,0.01,-2.00,-0.03,0.00,0,0.00,0.00000,0,0
2026.03.02 10:47:20,2026.03.02 10:47:37,EMA,-1,5404.53000,5406.45000,0.01,-1.92,-0.03,0.00,0,0.00,0.00000,0,0
2026.03.02 10:47:27,2026.03.02 10:47:39,EMA,-1,5405.06000,5407.13000,0.01,-2.07,-0.03,0.00,0,0.00,0.00000,0,0
2026.03.02 10:50:19,2026.03.02 10:50:30,EMA,1,5408.86000,5406.85000,0.01,-2.01,-0.03,0.00,0,0.00,0.00000,0,0
2026.03.02 10:51:16,2026.03.02 10:52:37,EMA,1,5405.12000,5403.11000,0.01,-2.01,-0.03,0.00,0,0.00,0.00000,0,0
2026.03.02 10:52:31,2026.03.02 10:53:03,EMA,1,5403.43000,5401.38000,0.01,-2.05,-0.03,0.00,0,0.00,0.00000,0,0
2026.03.03 09:19:37,2026.03.03 09:20:38,EMA,1,5317.77000,5315.77000,0.01,-2.00,-0.03,0.00,0,0.00,0.00000,0,0
2026.03.03 09:19:38,2026.03.03 09:20:39,EMA,1,5317.58000,5315.62000,0.01,-1.96,-0.03,0.00,0,0.00,0.00000,0,0
2026.03.03 10:27:00,2026.03.03 10:27:29,EMA,-1,5315.86000,5317.98000,0.01,-2.12,-0.03,0.00,0,0.00,0.00000,0,0
2026.03.03 10:27:27,2026.03.03 10:27:40,EMA,-1,5317.29000,5319.28000,0.01,-1.99,-0.03,0.00,0,0.00,0.00000,0,0
2026.03.03 10:27:29,2026.03.03 10:32:30,EMA,-1,5317.99000,5307.61000,0.01,10.38,-0.03,0.00,0,0.00,0.00000,0,0
2026.03.03 10:28:00,2026.03.03 10:32:38,EMA,-1,5317.30000,5307.11000,0.01,10.19,-0.03,0.00,0,0.00,0.00000,0,0
2026.03.03 10:29:00,2026.03.03 10:34:20,EMA,-1,5315.54000,5305.31000,0.01,10.23,-0.03,0.00,0,0.00,0.00000,0,0
2026.03.03 14:15:17,2026.03.03 14:15:19,EMA,1,5192.22000,5190.12000,0.01,-2.10,-0.03,0.00,0,0.00,0.00000,0,0
2026.03.03 14:17:38,2026.03.03 14:17:41,EMA,1,5189.05000,5187.10000,0.01,-1.95,-0.03,0.00,0,0.00,0.00000,0,0
2026.03.03 14:19:31,2026.03.03 14:20:21,EMA,1,5192.89000,5190.77000,0.01,-2.12,-0.03,0.00,0,0.00,0.00000,0,0
2026.03.03 14:21:04,2026.03.03 15:03:30,EMA,1,5184.43000,5182.48000,0.01,-1.95,-0.03,0.00,0,0.00,0.00000,0,0
2026.03.03 15:11:01,2026.03.03 15:11:03,EMA,-1,5148.88000,5150.80000,0.01,-1.92,-0.03,0.00,0,0.00,0.00000,0,0
2026.03.04 07:42:28,2026.03.04 07:42:38,EMA,1,5164.66000,5162.66000,0.01,-2.00,-0.03,0.00,0,0.00,0.00000,0,0
2026.03.04 07:41:04,2026.03.04 07:43:26,EMA,1,5162.84000,5160.84000,0.01,-2.00,-0.03,0.00,0,0.00,0.00000,0,0
2026.03.04 07:43:27,2026.03.04 07:43:36,EMA,1,5160.48000,5158.54000,0.01,-1.94,-0.03,0.00,0,0.00,0.00000,0,0
2026.03.04 08:05:30,2026.03.04 08:06:30,EMA,-1,5142.87000,5131.78000,0.01,11.09,-0.03,0.00,0,0.00,0.00000,0,0
2026.03.04 08:07:02,2026.03.04 08:07:14,EMA,-1,5138.08000,5140.10000,0.01,-2.02,-0.03,0.00,0,0.00,0.00000,0,0
2026.03.04 08:08:26,2026.03.04 08:08:30,EMA,-1,5136.67000,5138.70000,0.01,-2.03,-0.03,0.00,0,0.00,0.00000,0,0
2026.03.04 08:09:30,2026.03.04 08:09:40,EMA,-1,5140.75000,5142.74000,0.01,-1.99,-0.03,0.00,0,0.00,0.00000,0,0
2026.03.04 08:11:39,2026.03.04 08:12:37,EMA,-1,5144.71000,5146.72000,0.01,-2.01,-0.03,0.00,0,0.00,0.00000,0,0
2026.03.04 08:58:38,2026.03.04 09:06:28,EMA,1,5156.24000,5170.67000,0.01,14.43,-0.03,0.00,0,0.00,0.00000,0,0
2026.03.04 10:05:37,2026.03.04 10:06:41,EMA,-1,5157.76000,5159.78000,0.01,-2.02,-0.03,0.00,0,0.00,0.00000,0,0
2026.03.04 10:05:04,2026.03.04 10:08:41,EMA,1,5155.80000,5153.74000,0.01,-2.06,-0.03,0.00,0,0.00,0.00000,0,0
2026.03.04 10:08:41,2026.03.04 10:09:28,EMA,1,5153.69000,5151.60000,0.01,-2.09,-0.03,0.00,0,0.00,0.00000,0,0
2026.03.04 10:09:26,2026.03.04 10:09:30,EMA,1,5152.47000,5150.40000,0.01,-2.07,-0.03,0.00,0,0.00,0.00000,0,0
2026.03.04 10:07:41,2026.03.04 10:09:30,EMA,-1,5160.30000,5150.47000,0.01,9.83,-0.03,0.00,0,0.00,0.00000,0,0
2026.03.04 10:06:38,2026.03.04 10:09:38,EMA,-1,5158.94000,5149.14000,0.01,9.80,-0.03,0.00,0,0.00,0.00000,0,0
2026.03.04 10:09:31,2026.03.04 10:09:40,EMA,1,5150.34000,5148.27000,0.01,-2.07,-0.03,0.00,0,0.00,0.00000,0,0
2026.03.04 10:14:35,2026.03.04 10:16:26,EMA,-1,5156.25000,5158.16000,0.01,-1.91,-0.03,0.00,0,0.00,0.00000,0,0
2026.03.04 10:17:41,2026.03.04 10:23:41,EMA,-1,5160.91000,5162.93000,0.01,-2.02,-0.03,0.00,0,0.00,0.00000,0,0
2026.03.05 08:50:00,2026.03.05 08:50:27,EMA,1,5158.96000,5156.86000,0.01,-2.10,-0.03,0.00,0,0.00,0.00000,0,0
2026.03.05 08:51:00,2026.03.05 08:53:28,EMA,1,5158.10000,5158.19000,0.01,0.09,-0.03,0.00,0,0.00,0.00000,0,0
2026.03.05 08:52:00,2026.03.05 08:53:37,EMA,1,5159.28000,5157.16000,0.01,-2.12,-0.03,0.00,0,0.00,0.00000,0,0
2026.03.05 08:53:00,2026.03.05 08:53:38,EMA,1,5159.12000,5156.98000,0.01,-2.14,-0.03,0.00,0,0.00,0.00000,0,0
2026.03.05 09:55:36,2026.03.05 09:57:04,EMA,-1,5160.71000,5162.69000,0.01,-1.98,-0.03,0.00,0,0.00,0.00000,0,0
2026.03.05 10:00:37,2026.03.05 10:01:29,EMA,1,5161.16000,5159.11000,0.01,-2.05,-0.03,0.00,0,0.00,0.00000,0,0
2026.03.05 09:59:38,2026.03.05 10:06:27,EMA,-1,5161.94000,5153.75000,0.01,8.19,-0.03,0.00,0,0.00,0.00000,0,0
2026.03.05 09:57:01,2026.03.05 10:06:27,EMA,-1,5161.80000,5153.62000,0.01,8.18,-0.03,0.00,0,0.00,0.00000,0,0
2026.03.05 09:59:30,2026.03.05 10:06:28,EMA,-1,5161.39000,5153.24000,0.01,8.15,-0.03,0.00,0,0.00,0.00000,0,0
2026.03.05 09:59:29,2026.03.05 10:06:28,EMA,-1,5161.23000,5153.12000,0.01,8.11,-0.03,0.00,0,0.00,0.00000,0,0
2026.03.05 10:07:12,2026.03.05 10:07:35,EMA,-1,5151.52000,5153.54000,0.01,-2.02,-0.03,0.00,0,0.00,0.00000,0,0
2026.03.05 10:05:14,2026.03.05 10:09:37,EMA,-1,5157.45000,5149.54000,0.01,7.91,-0.03,0.00,0,0.00,0.00000,0,0
2026.03.05 10:35:37,2026.03.05 10:35:42,EMA,-1,5154.43000,5156.42000,0.01,-1.99,-0.03,0.00,0,0.00,0.00000,0,0
2026.03.05 10:36:01,2026.03.05 10:36:24,EMA,-1,5156.45000,5158.44000,0.01,-1.99,-0.03,0.00,0,0.00,0.00000,0,0
2026.03.05 10:36:04,2026.03.05 10:36:27,EMA,-1,5156.98000,5158.97000,0.01,-1.99,-0.03,0.00,0,0.00,0.00000,0,0
2026.03.05 10:47:00,2026.03.05 10:48:00,EMA,1,5166.27000,5166.37000,0.01,0.10,-0.03,0.00,0,0.00,0.00000,0,0
2026.03.05 10:46:00,2026.03.05 10:48:01,EMA,1,5166.22000,5166.28000,0.01,0.06,-0.03,0.00,0,0.00,0.00000,0,0
2026.03.05 10:48:00,2026.03.05 10:50:29,EMA,1,5166.53000,5166.63000,0.01,0.10,-0.03,0.00,0,0.00,0.00000,0,0
2026.03.05 10:49:00,2026.03.05 10:52:13,EMA,1,5166.85000,5164.74000,0.01,-2.11,-0.03,0.00,0,0.00,0.00000,0,0
2026.03.05 10:45:00,2026.03.05 10:55:36,EMA,1,5161.31000,5169.71000,0.01,8.40,-0.03,0.00,0,0.00,0.00000,0,0
2026.03.05 11:40:00,2026.03.05 11:40:31,EMA,-1,5156.34000,5156.26000,0.01,0.08,-0.03,0.00,0,0.00,0.00000,0,0
2026.03.05 11:41:00,2026.03.05 11:41:28,EMA,-1,5160.29000,5162.39000,0.01,-2.10,-0.03,0.00,0,0.00,0.00000,0,0
2026.03.06 07:01:38,2026.03.06 07:02:39,EMA,-1,5125.27000,5127.31000,0.01,-2.04,-0.03,0.00,0,0.00,0.00000,0,0
2026.03.06 07:02:28,2026.03.06 07:04:27,EMA,-1,5126.35000,5128.44000,0.01,-2.09,-0.03,0.00,0,0.00,0.00000,0,0
2026.03.06 07:03:37,2026.03.06 07:04:37,EMA,-1,5127.37000,5129.47000,0.01,-2.10,-0.03,0.00,0,0.00,0.00000,0,0
2026.03.06 07:04:25,2026.03.06 07:04:40,EMA,-1,5128.11000,5130.13000,0.01,-2.02,-0.03,0.00,0,0.00,0.00000,0,0
2026.03.06 07:04:29,2026.03.06 07:09:12,EMA,-1,5128.76000,5124.54000,0.01,4.22,-0.03,0.00,0,0.00,0.00000,0,0
2026.03.06 09:00:38,2026.03.06 09:05:37,EMA,-1,5116.91000,5110.36000,0.01,6.55,-0.03,0.00,0,0.00,0.00000,0,0
2026.03.06 09:04:04,2026.03.06 09:08:26,EMA,-1,5114.08000,5107.44000,0.01,6.64,-0.03,0.00,0,0.00,0.00000,0,0
2026.03.06 09:20:31,2026.03.06 09:26:37,EMA,-1,5116.30000,5118.25000,0.01,-1.95,-0.03,0.00,0,0.00,0.00000,0,0
2026.03.06 09:26:35,2026.03.06 09:27:14,EMA,-1,5117.70000,5119.64000,0.01,-1.94,-0.03,0.00,0,0.00,0.00000,0,0
2026.03.06 09:26:38,2026.03.06 09:32:14,EMA,-1,5118.54000,5111.92000,0.01,6.62,-0.03,0.00,0,0.00,0.00000,0,0
2026.03.06 10:00:03,2026.03.06 10:02:00,EMA,1,5118.68000,5116.71000,0.01,-1.97,-0.03,0.00,0,0.00,0.00000,0,0
2026.03.06 09:57:38,2026.03.06 10:02:01,EMA,1,5118.56000,5116.53000,0.01,-2.03,-0.03,0.00,0,0.00,0.00000,0,0
2026.03.06 10:00:05,2026.03.06 10:02:02,EMA,1,5118.38000,5116.36000,0.01,-2.02,-0.03,0.00,0,0.00,0.00000,0,0
2026.03.06 10:00:15,2026.03.06 10:02:04,EMA,1,5117.93000,5115.92000,0.01,-2.01,-0.03,0.00,0,0.00,0.00000,0,0
2026.03.06 10:02:01,2026.03.06 10:05:41,EMA,1,5116.68000,5122.82000,0.01,6.14,-0.03,0.00,0,0.00,0.00000,0,0
2026.03.06 10:26:36,2026.03.06 10:28:29,EMA,-1,5108.00000,5101.30000,0.01,6.70,-0.03,0.00,0,0.00,0.00000,0,0
2026.03.06 10:29:05,2026.03.06 10:32:41,EMA,-1,5101.82000,5103.88000,0.01,-2.06,-0.03,0.00,0,0.00,0.00000,0,0
2026.03.06 10:32:42,2026.03.06 10:35:27,EMA,-1,5104.30000,5106.29000,0.01,-1.99,-0.03,0.00,0,0.00,0.00000,0,0
2026.03.06 10:45:37,2026.03.06 10:47:27,EMA,-1,5109.58000,5111.60000,0.01,-2.02,-0.03,0.00,0,0.00,0.00000,0,0
2026.03.06 10:47:27,2026.03.06 10:47:39,EMA,-1,5111.54000,5113.58000,0.01,-2.04,-0.03,0.00,0,0.00,0.00000,0,0
2026.03.09 07:31:20,2026.03.09 07:31:39,EMA,-1,5088.78000,5090.82000,0.01,-2.04,-0.03,0.00,0,0.00,0.00000,0,0
2026.03.09 07:31:36,2026.03.09 07:33:38,EMA,-1,5090.09000,5092.09000,0.01,-2.00,-0.03,0.00,0,0.00,0.00000,0,0
2026.03.09 07:36:28,2026.03.09 07:43:35,EMA,1,5091.69000,5089.67000,0.01,-2.02,-0.03,0.00,0,0.00,0.00000,0,0
2026.03.09 07:35:15,2026.03.09 07:44:02,EMA,1,5091.45000,5089.35000,0.01,-2.10,-0.03,0.00,0,0.00,0.00000,0,0
2026.03.09 07:37:36,2026.03.09 07:44:02,EMA,1,5091.37000,5089.35000,0.01,-2.02,-0.03,0.00,0,0.00,0.00000,0,0
2026.03.09 07:38:41,2026.03.09 07:44:04,EMA,1,5090.86000,5088.81000,0.01,-2.05,-0.03,0.00,0,0.00,0.00000,0,0
2026.03.09 07:39:40,2026.03.09 07:44:13,EMA,1,5090.29000,5088.34000,0.01,-1.95,-0.03,0.00,0,0.00,0.00000,0,0
2026.03.10 07:37:15,2026.03.10 07:43:12,EMA,1,5164.30000,5162.39000,0.01,-1.91,-0.03,0.00,0,0.00,0.00000,0,0
2026.03.10 07:37:23,2026.03.10 07:43:22,EMA,1,5164.13000,5162.17000,0.01,-1.96,-0.03,0.00,0,0.00,0.00000,0,0
2026.03.10 07:43:02,2026.03.10 08:02:39,EMA,1,5162.67000,5168.35000,0.01,5.68,-0.03,0.00,0,0.00,0.00000,0,0
2026.03.10 07:42:39,2026.03.10 08:02:40,EMA,1,5162.85000,5168.49000,0.01,5.64,-0.03,0.00,0,0.00,0.00000,0,0
2026.03.10 07:42:39,2026.03.10 08:02:40,EMA,1,5162.85000,5168.49000,0.01,5.64,-0.03,0.00,0,0.00,0.00000,0,0
2026.03.10 10:10:00,2026.03.10 10:10:28,EMA,-1,5172.88000,5175.02000,0.01,-2.14,-0.03,0.00,0,0.00,0.00000,0,0
2026.03.10 10:11:27,2026.03.10 10:13:36,EMA,-1,5174.58000,5174.49000,0.01,0.09,-0.03,0.00,0,0.00,0.00000,0,0
2026.03.10 10:12:00,2026.03.10 10:14:27,EMA,-1,5172.94000,5175.03000,0.01,-2.09,-0.03,0.00,0,0.00,0.00000,0,0
2026.03.10 10:13:00,2026.03.10 10:15:55,EMA,-1,5173.91000,5175.98000,0.01,-2.07,-0.03,0.00,0,0.00,0.00000,0,0
2026.03.10 10:14:00,2026.03.10 10:15:56,EMA,-1,5173.95000,5176.02000,0.01,-2.07,-0.03,0.00,0,0.00,0.00000,0,0
2026.03.10 10:45:00,2026.03.10 10:46:36,EMA,1,5176.38000,5176.42000,0.01,0.04,-0.03,0.00,0,0.00,0.00000,0,0
2026.03.10 10:46:00,2026.03.10 10:47:15,EMA,1,5177.54000,5175.46000,0.01,-2.08,-0.03,0.00,0,0.00,0.00000,0,0
2026.03.10 10:47:00,2026.03.10 10:52:39,EMA,1,5176.53000,5176.54000,0.01,0.01,-0.03,0.00,0,0.00,0.00000,0,0
2026.03.10 10:49:00,2026.03.10 11:00:39,EMA,1,5177.62000,5184.68000,0.01,7.06,-0.03,0.00,0,0.00,0.00000,0,0
2026.03.10 10:48:00,2026.03.10 11:00:40,EMA,1,5177.76000,5184.86000,0.01,7.10,-0.03,0.00,0,0.00,0.00000,0,0
2026.03.10 12:22:39,2026.03.10 12:23:38,EMA,-1,5182.54000,5184.52000,0.01,-1.98,-0.03,0.00,0,0.00,0.00000,0,0
2026.03.10 12:20:41,2026.03.10 12:23:40,EMA,-1,5182.81000,5184.83000,0.01,-2.02,-0.03,0.00,0,0.00,0.00000,0,0
2026.03.10 12:23:27,2026.03.10 12:28:39,EMA,-1,5183.39000,5185.41000,0.01,-2.02,-0.03,0.00,0,0.00,0.00000,0,0
2026.03.10 12:23:28,2026.03.10 12:28:40,EMA,-1,5183.54000,5185.58000,0.01,-2.04,-0.03,0.00,0,0.00,0.00000,0,0
2026.03.11 07:31:29,2026.03.11 07:33:38,EMA,1,5206.48000,5204.46000,0.01,-2.02,-0.03,0.00,0,0.00,0.00000,0,0
2026.03.11 07:54:19,2026.03.11 07:59:02,EMA,-1,5203.11000,5205.07000,0.01,-1.96,-0.03,0.00,0,0.00,0.00000,0,0
2026.03.11 07:55:02,2026.03.11 08:00:39,EMA,-1,5204.07000,5206.09000,0.01,-2.02,-0.03,0.00,0,0.00,0.00000,0,0
2026.03.11 07:58:59,2026.03.11 08:06:37,EMA,-1,5204.91000,5206.91000,0.01,-2.00,-0.03,0.00,0,0.00,0.00000,0,0
2026.03.11 08:00:37,2026.03.11 08:07:35,EMA,-1,5205.79000,5207.78000,0.01,-1.99,-0.03,0.00,0,0.00,0.00000,0,0
2026.03.11 08:00:38,2026.03.11 08:07:36,EMA,-1,5205.87000,5207.83000,0.01,-1.96,-0.03,0.00,0,0.00,0.00000,0,0
2026.03.12 07:29:04,2026.03.12 07:34:36,EMA,-1,5153.30000,5149.24000,0.01,4.06,-0.03,0.00,0,0.00,0.00000,0,0
2026.03.12 07:28:39,2026.03.12 07:34:38,EMA,-1,5152.95000,5148.91000,0.01,4.04,-0.03,0.00,0,0.00,0.00000,0,0
2026.03.12 07:28:39,2026.03.12 07:34:38,EMA,-1,5152.95000,5148.91000,0.01,4.04,-0.03,0.00,0,0.00,0.00000,0,0
2026.03.12 07:25:35,2026.03.12 07:36:13,EMA,-1,5152.04000,5147.97000,0.01,4.07,-0.03,0.00,0,0.00,0.00000,0,0
2026.03.12 08:42:00,2026.03.12 08:44:15,EMA,1,5154.34000,5152.25000,0.01,-2.09,-0.03,0.00,0,0.00,0.00000,0,0
2026.03.12 08:40:00,2026.03.12 08:45:30,EMA,1,5149.64000,5155.17000,0.01,5.53,-0.03,0.00,0,0.00,0.00000,0,0
2026.03.12 08:41:59,2026.03.12 08:45:40,EMA,-1,5154.22000,5156.21000,0.01,-1.99,-0.03,0.00,0,0.00,0.00000,0,0
2026.03.12 08:43:00,2026.03.12 08:47:05,EMA,1,5153.76000,5153.86000,0.01,0.10,-0.03,0.00,0,0.00,0.00000,0,0
2026.03.12 08:44:00,2026.03.12 08:52:29,EMA,1,5153.03000,5153.05000,0.01,0.02,-0.03,0.00,0,0.00,0.00000,0,0
2026.03.12 08:41:00,2026.03.12 08:52:36,EMA,1,5152.66000,5152.71000,0.01,0.05,-0.03,0.00,0,0.00,0.00000,0,0
2026.03.12 12:39:00,2026.03.12 12:40:15,EMA,1,5185.94000,5183.86000,0.01,-2.08,-0.03,0.00,0,0.00,0.00000,0,0
2026.03.12 12:36:38,2026.03.12 12:57:58,EMA,1,5183.16000,5188.07000,0.01,4.91,-0.03,0.00,0,0.00,0.00000,0,0
2026.03.12 12:36:28,2026.03.12 12:58:41,EMA,1,5183.96000,5188.83000,0.01,4.87,-0.03,0.00,0,0.00,0.00000,0,0
2026.03.12 12:40:14,2026.03.12 12:58:41,EMA,1,5183.97000,5188.83000,0.01,4.86,-0.03,0.00,0,0.00,0.00000,0,0
2026.03.12 13:28:38,2026.03.12 13:30:35,EMA,1,5181.69000,5179.69000,0.01,-2.00,-0.03,0.00,0,0.00,0.00000,0,0
2026.03.12 13:31:00,2026.03.12 13:31:40,EMA,-1,5180.06000,5182.13000,0.01,-2.07,-0.03,0.00,0,0.00,0.00000,0,0
2026.03.12 13:32:00,2026.03.12 13:32:39,EMA,-1,5180.67000,5182.76000,0.01,-2.09,-0.03,0.00,0,0.00,0.00000,0,0
2026.03.12 13:34:00,2026.03.12 13:39:39,EMA,-1,5179.95000,5179.91000,0.01,0.04,-0.03,0.00,0,0.00,0.00000,0,0
2026.03.12 13:33:00,2026.03.12 13:42:23,EMA,-1,5181.03000,5180.95000,0.01,0.08,-0.03,0.00,0,0.00,0.00000,0,0
2026.03.12 13:30:04,2026.03.12 13:45:27,EMA,-1,5181.31000,5183.30000,0.01,-1.99,-0.03,0.00,0,0.00,0.00000,0,0
2026.03.12 15:51:00,2026.03.12 15:56:38,EMA,1,5183.51000,5183.58000,0.01,0.07,-0.03,0.00,0,0.00,0.00000,0,0
2026.03.12 15:53:00,2026.03.12 15:56:38,EMA,1,5183.42000,5183.48000,0.01,0.06,-0.03,0.00,0,0.00,0.00000,0,0
2026.03.12 15:52:00,2026.03.12 15:57:41,EMA,1,5184.32000,5182.25000,0.01,-2.07,-0.03,0.00,0,0.00,0.00000,0,0
2026.03.12 15:50:00,2026.03.12 15:57:45,EMA,1,5181.66000,5181.76000,0.01,0.10,-0.03,0.00,0,0.00,0.00000,0,0
2026.03.12 15:54:00,2026.03.12 15:57:46,EMA,1,5183.62000,5181.51000,0.01,-2.11,-0.03,0.00,0,0.00,0.00000,0,0
2026.03.12 16:26:00,2026.03.12 16:26:24,EMA,-1,5168.94000,5171.04000,0.01,-2.10,-0.03,0.00,0,0.00,0.00000,0,0
2026.03.12 16:25:00,2026.03.12 16:26:37,EMA,-1,5172.21000,5172.13000,0.01,0.08,-0.03,0.00,0,0.00,0.00000,0,0
2026.03.12 16:27:00,2026.03.12 16:28:30,EMA,-1,5171.96000,5171.86000,0.01,0.10,-0.03,0.00,0,0.00,0.00000,0,0
2026.03.12 16:28:00,2026.03.12 16:28:37,EMA,-1,5170.03000,5172.13000,0.01,-2.10,-0.03,0.00,0,0.00,0.00000,0,0
2026.03.13 07:27:38,2026.03.13 07:38:45,EMA,-1,5107.82000,5103.18000,0.01,4.64,-0.03,0.00,0,0.00,0.00000,0,0
2026.03.13 08:23:38,2026.03.13 08:27:34,EMA,1,5108.42000,5106.45000,0.01,-1.97,-0.03,0.00,0,0.00,0.00000,0,0
2026.03.13 08:20:37,2026.03.13 08:28:33,EMA,1,5107.99000,5105.96000,0.01,-2.03,-0.03,0.00,0,0.00,0.00000,0,0
2026.03.13 08:27:00,2026.03.13 08:28:34,EMA,1,5107.90000,5105.87000,0.01,-2.03,-0.03,0.00,0,0.00,0.00000,0,0
2026.03.13 08:27:16,2026.03.13 08:29:34,EMA,1,5107.56000,5105.54000,0.01,-2.02,-0.03,0.00,0,0.00,0.00000,0,0
2026.03.13 08:27:17,2026.03.13 08:29:34,EMA,1,5107.46000,5105.54000,0.01,-1.92,-0.03,0.00,0,0.00,0.00000,0,0
2026.03.13 08:14:34,2026.03.13 08:30:13,EMA,-1,5109.21000,5104.54000,0.01,4.67,-0.03,0.00,0,0.00,0.00000,0,0
2026.03.13 08:31:30,2026.03.13 08:32:55,EMA,-1,5108.42000,5110.38000,0.01,-1.96,-0.03,0.00,0,0.00,0.00000,0,0
2026.03.13 08:35:24,2026.03.13 08:38:42,EMA,1,5107.66000,5105.67000,0.01,-1.99,-0.03,0.00,0,0.00,0.00000,0,0
2026.03.13 08:37:36,2026.03.13 08:42:27,EMA,1,5107.29000,5105.33000,0.01,-1.96,-0.03,0.00,0,0.00,0.00000,0,0
2026.03.13 08:37:36,2026.03.13 08:42:27,EMA,1,5107.29000,5105.33000,0.01,-1.96,-0.03,0.00,0,0.00,0.00000,0,0
2026.03.13 08:32:41,2026.03.13 08:42:34,EMA,-1,5109.33000,5105.24000,0.01,4.09,-0.03,0.00,0,0.00,0.00000,0,0
2026.03.13 08:47:27,2026.03.13 08:48:24,EMA,-1,5100.09000,5102.11000,0.01,-2.02,-0.03,0.00,0,0.00,0.00000,0,0
2026.03.13 08:47:37,2026.03.13 08:48:37,EMA,-1,5100.69000,5102.69000,0.01,-2.00,-0.03,0.00,0,0.00,0.00000,0,0
2026.03.13 08:45:04,2026.03.13 08:49:37,EMA,-1,5101.74000,5103.74000,0.01,-2.00,-0.03,0.00,0,0.00,0.00000,0,0
2026.03.13 08:48:24,2026.03.13 08:49:40,EMA,-1,5102.09000,5104.14000,0.01,-2.05,-0.03,0.00,0,0.00,0.00000,0,0
2026.03.13 15:00:40,2026.03.13 15:01:27,EMA,-1,5111.13000,5113.20000,0.01,-2.07,-0.03,0.00,0,0.00,0.00000,0,0
2026.03.13 15:00:41,2026.03.13 15:01:27,EMA,-1,5111.38000,5113.47000,0.01,-2.09,-0.03,0.00,0,0.00,0.00000,0,0
2026.03.13 15:01:20,2026.03.13 15:01:30,EMA,-1,5112.60000,5114.57000,0.01,-1.97,-0.03,0.00,0,0.00,0.00000,0,0
2026.03.16 08:41:24,2026.03.16 08:53:25,EMA,-1,5016.43000,5018.43000,0.01,-2.00,-0.03,0.00,0,0.00,0.00000,0,0
2026.03.16 08:41:25,2026.03.16 08:53:26,EMA,-1,5016.47000,5018.47000,0.01,-2.00,-0.03,0.00,0,0.00,0.00000,0,0
2026.03.16 08:41:35,2026.03.16 08:53:35,EMA,-1,5016.92000,5018.93000,0.01,-2.01,-0.03,0.00,0,0.00,0.00000,0,0
2026.03.16 08:45:39,2026.03.16 08:54:30,EMA,-1,5017.65000,5019.64000,0.01,-1.99,-0.03,0.00,0,0.00,0.00000,0,0
2026.03.16 08:53:00,2026.03.16 08:55:02,EMA,-1,5018.17000,5020.15000,0.01,-1.98,-0.03,0.00,0,0.00,0.00000,0,0
2026.03.16 08:51:00,2026.03.16 08:56:00,EMA,1,5017.09000,5017.09000,0.01,0.00,-0.03,0.00,0,0.00,0.00000,0,0
2026.03.16 08:52:00,2026.03.16 08:56:00,EMA,1,5017.11000,5017.09000,0.01,-0.02,-0.03,0.00,0,0.00,0.00000,0,0
2026.03.16 08:54:00,2026.03.16 08:56:02,EMA,1,5018.99000,5016.90000,0.01,-2.09,-0.03,0.00,0,0.00,0.00000,0,0
2026.03.16 08:50:00,2026.03.16 08:58:05,EMA,1,5016.39000,5016.47000,0.01,0.08,-0.03,0.00,0,0.00,0.00000,0,0
2026.03.16 08:53:00,2026.03.16 08:58:16,EMA,1,5018.23000,5016.16000,0.01,-2.07,-0.03,0.00,0,0.00,0.00000,0,0
2026.03.16 09:52:00,2026.03.16 09:53:30,EMA,-1,5008.55000,5008.49000,0.01,0.06,-0.03,0.00,0,0.00,0.00000,0,0
2026.03.16 09:53:00,2026.03.16 09:53:30,EMA,-1,5006.47000,5008.56000,0.01,-2.09,-0.03,0.00,0,0.00,0.00000,0,0
2026.03.16 09:51:00,2026.03.16 09:53:40,EMA,-1,5009.88000,5009.78000,0.01,0.10,-0.03,0.00,0,0.00,0.00000,0,0
2026.03.16 09:54:00,2026.03.16 09:56:27,EMA,-1,5009.37000,5011.45000,0.01,-2.08,-0.03,0.00,0,0.00,0.00000,0,0
2026.03.16 09:50:00,2026.03.16 09:56:29,EMA,-1,5012.75000,5011.89000,0.01,0.86,-0.03,0.00,0,0.00,0.00000,0,0
2026.03.16 13:34:00,2026.03.16 13:35:05,EMA,1,4985.72000,4985.77000,0.01,0.05,-0.03,0.00,0,0.00,0.00000,0,0
2026.03.16 13:33:00,2026.03.16 13:38:29,EMA,1,4986.72000,4984.62000,0.01,-2.10,-0.03,0.00,0,0.00,0.00000,0,0
2026.03.16 13:30:00,2026.03.16 13:38:35,EMA,1,4986.66000,4984.55000,0.01,-2.11,-0.03,0.00,0,0.00,0.00000,0,0
2026.03.16 13:32:00,2026.03.16 13:38:36,EMA,1,4986.41000,4984.29000,0.01,-2.12,-0.03,0.00,0,0.00,0.00000,0,0
2026.03.16 13:31:00,2026.03.16 13:38:37,EMA,1,4986.24000,4984.12000,0.01,-2.12,-0.03,0.00,0,0.00,0.00000,0,0
2026.03.17 08:41:42,2026.03.17 08:43:39,EMA,-1,5033.61000,5035.57000,0.01,-1.96,-0.03,0.00,0,0.00,0.00000,0,0
2026.03.17 08:43:37,2026.03.17 08:45:41,EMA,-1,5035.36000,5030.32000,0.01,5.04,-0.03,0.00,0,0.00,0.00000,0,0
2026.03.17 08:43:37,2026.03.17 08:45:42,EMA,-1,5035.32000,5030.23000,0.01,5.09,-0.03,0.00,0,0.00,0.00000,0,0
2026.03.17 10:31:04,2026.03.17 10:35:19,EMA,1,5018.67000,5024.60000,0.01,5.93,-0.03,0.00,0,0.00,0.00000,0,0
2026.03.17 10:33:14,2026.03.17 10:40:29,EMA,1,5021.86000,5027.71000,0.01,5.85,-0.03,0.00,0,0.00,0.00000,0,0
2026.03.17 10:34:05,2026.03.17 10:40:36,EMA,1,5022.07000,5027.96000,0.01,5.89,-0.03,0.00,0,0.00,0.00000,0,0
2026.03.17 10:53:40,2026.03.17 11:01:36,EMA,1,5019.25000,5025.12000,0.01,5.87,-0.03,0.00,0,0.00,0.00000,0,0
2026.03.17 12:12:15,2026.03.17 12:15:13,EMA,1,5015.15000,5013.20000,0.01,-1.95,-0.03,0.00,0,0.00,0.00000,0,0
2026.03.17 12:15:37,2026.03.17 12:25:42,EMA,-1,5016.53000,5018.51000,0.01,-1.98,-0.03,0.00,0,0.00,0.00000,0,0
2026.03.17 12:29:17,2026.03.17 12:35:37,EMA,-1,5019.62000,5013.11000,0.01,6.51,-0.03,0.00,0,0.00,0.00000,0,0
2026.03.17 12:26:01,2026.03.17 12:40:40,EMA,-1,5018.64000,5012.14000,0.01,6.50,-0.03,0.00,0,0.00,0.00000,0,0
2026.03.17 12:12:40,2026.03.17 12:40:40,EMA,-1,5018.62000,5012.05000,0.01,6.57,-0.03,0.00,0,0.00,0.00000,0,0
2026.03.17 12:12:39,2026.03.17 12:40:42,EMA,-1,5018.26000,5011.69000,0.01,6.57,-0.03,0.00,0,0.00,0.00000,0,0
2026.03.17 14:27:39,2026.03.17 14:34:31,EMA,1,5007.15000,5005.10000,0.01,-2.05,-0.03,0.00,0,0.00,0.00000,0,0
2026.03.17 14:20:35,2026.03.17 14:34:38,EMA,1,5006.82000,5004.82000,0.01,-2.00,-0.03,0.00,0,0.00,0.00000,0,0
2026.03.17 14:34:20,2026.03.17 14:34:41,EMA,1,5006.24000,5004.22000,0.01,-2.02,-0.03,0.00,0,0.00,0.00000,0,0
2026.03.17 14:34:27,2026.03.17 14:57:37,EMA,1,5005.96000,5003.98000,0.01,-1.98,-0.03,0.00,0,0.00,0.00000,0,0
2026.03.17 14:34:27,2026.03.17 14:57:38,EMA,1,5005.86000,5003.83000,0.01,-2.03,-0.03,0.00,0,0.00,0.00000,0,0
2026.03.18 08:15:00,2026.03.18 08:18:20,EMA,1,4990.31000,4988.25000,0.01,-2.06,-0.03,0.00,0,0.00,0.00000,0,0
2026.03.18 08:17:00,2026.03.18 08:18:27,EMA,1,4990.06000,4987.89000,0.01,-2.17,-0.03,0.00,0,0.00,0.00000,0,0
2026.03.18 08:16:30,2026.03.18 08:18:28,EMA,1,4989.89000,4987.77000,0.01,-2.12,-0.03,0.00,0,0.00,0.00000,0,0
2026.03.18 08:20:00,2026.03.18 08:20:37,EMA,-1,4986.39000,4988.53000,0.01,-2.14,-0.03,0.00,0,0.00,0.00000,0,0
2026.03.18 08:21:00,2026.03.18 08:22:28,EMA,-1,4988.88000,4990.97000,0.01,-2.09,-0.03,0.00,0,0.00,0.00000,0,0
2026.03.19 08:21:28,2026.03.19 08:22:34,EMA,1,4852.14000,4850.17000,0.01,-1.97,-0.03,0.00,0,0.00,0.00000,0,0
2026.03.19 08:21:28,2026.03.19 08:22:34,EMA,1,4852.14000,4850.13000,0.01,-2.01,-0.03,0.00,0,0.00,0.00000,0,0
2026.03.19 08:33:13,2026.03.19 08:38:27,EMA,-1,4842.58000,4838.03000,0.01,4.55,-0.03,0.00,0,0.00,0.00000,0,0
2026.03.19 08:33:02,2026.03.19 08:38:30,EMA,-1,4842.00000,4837.45000,0.01,4.55,-0.03,0.00,0,0.00,0.00000,0,0
2026.03.19 08:34:04,2026.03.19 08:38:30,EMA,-1,4842.10000,4837.45000,0.01,4.65,-0.03,0.00,0,0.00,0.00000,0,0
2026.03.19 12:35:04,2026.03.19 12:35:24,EMA,1,4719.15000,4717.13000,0.01,-2.02,-0.03,0.00,0,0.00,0.00000,0,0
2026.03.19 12:37:00,2026.03.19 12:37:28,EMA,1,4719.00000,4717.05000,0.01,-1.95,-0.03,0.00,0,0.00,0.00000,0,0
2026.03.19 12:37:20,2026.03.19 12:37:28,EMA,1,4719.01000,4717.05000,0.01,-1.96,-0.03,0.00,0,0.00,0.00000,0,0
2026.03.19 12:45:26,2026.03.19 12:45:38,EMA,-1,4706.38000,4708.44000,0.01,-2.06,-0.03,0.00,0,0.00,0.00000,0,0
2026.03.19 12:46:20,2026.03.19 12:46:31,EMA,-1,4707.58000,4709.62000,0.01,-2.04,-0.03,0.00,0,0.00,0.00000,0,0
2026.03.20 07:37:59,2026.03.20 07:42:34,EMA,1,4725.06000,4722.95000,0.01,-2.11,-0.03,0.00,0,0.00,0.00000,0,0
2026.03.20 07:41:35,2026.03.20 07:42:41,EMA,1,4724.85000,4722.84000,0.01,-2.01,-0.03,0.00,0,0.00,0.00000,0,0
2026.03.20 07:42:29,2026.03.20 07:42:44,EMA,1,4724.11000,4722.12000,0.01,-1.99,-0.03,0.00,0,0.00,0.00000,0,0
2026.03.20 07:42:31,2026.03.20 07:42:45,EMA,1,4723.87000,4721.88000,0.01,-1.99,-0.03,0.00,0,0.00,0.00000,0,0
2026.03.20 07:50:28,2026.03.20 07:53:25,EMA,-1,4719.40000,4721.47000,0.01,-2.07,-0.03,0.00,0,0.00,0.00000,0,0
2026.03.20 07:53:05,2026.03.20 07:53:26,EMA,-1,4719.58000,4721.60000,0.01,-2.02,-0.03,0.00,0,0.00,0.00000,0,0
2026.03.20 07:53:11,2026.03.20 07:53:31,EMA,-1,4719.69000,4721.71000,0.01,-2.02,-0.03,0.00,0,0.00,0.00000,0,0
2026.03.20 07:53:11,2026.03.20 07:53:31,EMA,-1,4719.69000,4721.71000,0.01,-2.02,-0.03,0.00,0,0.00,0.00000,0,0
2026.03.23 07:10:36,2026.03.23 07:12:33,EMA,1,4368.07000,4366.04000,0.01,-2.03,-0.03,0.00,0,0.00,0.00000,0,0
2026.03.23 07:12:32,2026.03.23 07:12:54,EMA,1,4366.32000,4364.30000,0.01,-2.02,-0.03,0.00,0,0.00,0.00000,0,0
2026.03.23 07:12:33,2026.03.23 07:12:54,EMA,1,4366.22000,4364.23000,0.01,-1.99,-0.03,0.00,0,0.00,0.00000,0,0
2026.03.23 07:14:27,2026.03.23 07:14:40,EMA,1,4363.74000,4361.81000,0.01,-1.93,-0.03,0.00,0,0.00,0.00000,0,0
2026.03.23 07:14:27,2026.03.23 07:14:40,EMA,1,4363.83000,4361.81000,0.01,-2.02,-0.03,0.00,0,0.00,0.00000,0,0
2026.03.24 07:55:05,2026.03.24 07:55:27,EMA,1,4347.23000,4345.21000,0.01,-2.02,-0.03,0.00,0,0.00,0.00000,0,0
2026.03.24 08:00:19,2026.03.24 08:00:30,EMA,-1,4334.64000,4336.73000,0.01,-2.09,-0.03,0.00,0,0.00,0.00000,0,0
2026.03.24 08:03:04,2026.03.24 08:05:28,EMA,-1,4334.93000,4323.44000,0.01,11.49,-0.03,0.00,0,0.00,0.00000,0,0
2026.03.24 08:02:37,2026.03.24 08:05:28,EMA,-1,4334.82000,4323.35000,0.01,11.47,-0.03,0.00,0,0.00,0.00000,0,0
2026.03.24 08:04:04,2026.03.24 08:06:03,EMA,-1,4332.21000,4320.73000,0.01,11.48,-0.03,0.00,0,0.00,0.00000,0,0
2026.03.24 08:12:41,2026.03.24 08:12:44,EMA,-1,4337.10000,4339.14000,0.01,-2.04,-0.03,0.00,0,0.00,0.00000,0,0
2026.03.24 08:45:19,2026.03.24 08:45:36,EMA,1,4357.32000,4355.38000,0.01,-1.94,-0.03,0.00,0,0.00,0.00000,0,0
2026.03.24 08:48:29,2026.03.24 08:49:20,EMA,1,4366.41000,4364.35000,0.01,-2.06,-0.03,0.00,0,0.00,0.00000,0,0
2026.03.24 08:49:29,2026.03.24 08:51:28,EMA,1,4363.54000,4361.52000,0.01,-2.02,-0.03,0.00,0,0.00,0.00000,0,0
2026.03.24 08:49:39,2026.03.24 08:51:37,EMA,1,4362.17000,4360.16000,0.01,-2.01,-0.03,0.00,0,0.00,0.00000,0,0
2026.03.24 08:52:40,2026.03.24 08:55:00,EMA,1,4354.09000,4352.13000,0.01,-1.96,-0.03,0.00,0,0.00,0.00000,0,0
2026.03.25 10:21:29,2026.03.25 10:22:29,EMA,1,4560.91000,4558.89000,0.01,-2.02,-0.03,0.00,0,0.00,0.00000,0,0
2026.03.25 10:21:38,2026.03.25 10:22:40,EMA,1,4559.90000,4557.95000,0.01,-1.95,-0.03,0.00,0,0.00,0.00000,0,0
2026.03.25 10:22:36,2026.03.25 10:23:04,EMA,1,4558.70000,4556.73000,0.01,-1.97,-0.03,0.00,0,0.00,0.00000,0,0
2026.03.25 10:23:03,2026.03.25 10:30:39,EMA,1,4557.17000,4555.28000,0.01,-1.89,-0.03,0.00,0,0.00,0.00000,0,0
2026.03.25 10:30:39,2026.03.25 10:35:18,EMA,1,4555.64000,4553.66000,0.01,-1.98,-0.03,0.00,0,0.00,0.00000,0,0
2026.03.26 08:11:40,2026.03.26 08:17:03,EMA,-1,4511.38000,4506.70000,0.01,4.68,-0.03,0.00,0,0.00,0.00000,0,0
2026.03.26 08:14:39,2026.03.26 08:20:36,EMA,-1,4509.21000,4511.20000,0.01,-1.99,-0.03,0.00,0,0.00,0.00000,0,0
2026.03.26 08:20:25,2026.03.26 08:22:19,EMA,-1,4510.89000,4506.19000,0.01,4.70,-0.03,0.00,0,0.00,0.00000,0,0
2026.03.26 10:03:59,2026.03.26 10:04:29,EMA,1,4457.88000,4455.91000,0.01,-1.97,-0.03,0.00,0,0.00,0.00000,0,0
2026.03.26 10:04:19,2026.03.26 10:04:29,EMA,1,4457.71000,4455.78000,0.01,-1.93,-0.03,0.00,0,0.00,0.00000,0,0
2026.03.26 10:28:37,2026.03.26 10:29:30,EMA,-1,4446.12000,4448.10000,0.01,-1.98,-0.03,0.00,0,0.00,0.00000,0,0
2026.03.26 10:28:39,2026.03.26 10:29:37,EMA,-1,4446.60000,4448.55000,0.01,-1.95,-0.03,0.00,0,0.00,0.00000,0,0
2026.03.26 10:29:28,2026.03.26 10:30:18,EMA,-1,4447.74000,4449.90000,0.01,-2.16,-0.03,0.00,0,0.00,0.00000,0,0
2026.03.26 10:25:14,2026.03.26 10:30:18,EMA,-1,4448.11000,4450.12000,0.01,-2.01,-0.03,0.00,0,0.00,0.00000,0,0
2026.03.26 10:29:29,2026.03.26 10:30:18,EMA,-1,4447.96000,4450.12000,0.01,-2.16,-0.03,0.00,0,0.00,0.00000,0,0
2026.03.27 07:26:39,2026.03.27 07:34:39,EMA,1,4433.88000,4440.22000,0.01,6.34,-0.03,0.00,0,0.00,0.00000,0,0
2026.03.27 07:25:40,2026.03.27 07:35:30,EMA,1,4434.74000,4441.10000,0.01,6.36,-0.03,0.00,0,0.00,0.00000,0,0
2026.03.27 07:36:20,2026.03.27 07:36:37,EMA,1,4440.00000,4438.01000,0.01,-1.99,-0.03,0.00,0,0.00,0.00000,0,0
2026.03.27 07:36:30,2026.03.27 07:52:38,EMA,1,4438.63000,4445.17000,0.01,6.54,-0.03,0.00,0,0.00,0.00000,0,0
2026.03.27 10:01:15,2026.03.27 10:04:40,EMA,-1,4460.16000,4451.00000,0.01,9.16,-0.03,0.00,0,0.00,0.00000,0,0
2026.03.27 10:06:29,2026.03.27 10:06:41,EMA,-1,4453.64000,4455.72000,0.01,-2.08,-0.03,0.00,0,0.00,0.00000,0,0
2026.03.27 10:12:16,2026.03.27 10:30:38,EMA,-1,4458.21000,4449.11000,0.01,9.10,-0.03,0.00,0,0.00,0.00000,0,0
2026.03.27 10:07:05,2026.03.27 10:42:57,EMA,-1,4456.40000,4447.27000,0.01,9.13,-0.03,0.00,0,0.00,0.00000,0,0
2026.03.27 11:24:32,2026.03.27 11:24:42,EMA,1,4438.25000,4436.36000,0.01,-1.89,-0.03,0.00,0,0.00,0.00000,0,0
2026.03.27 11:24:38,2026.03.27 11:25:41,EMA,1,4437.77000,4435.78000,0.01,-1.99,-0.03,0.00,0,0.00,0.00000,0,0
2026.03.27 11:24:41,2026.03.27 11:25:53,EMA,1,4436.92000,4434.95000,0.01,-1.97,-0.03,0.00,0,0.00,0.00000,0,0
2026.03.27 11:27:02,2026.03.27 11:27:17,EMA,1,4432.97000,4430.95000,0.01,-2.02,-0.03,0.00,0,0.00,0.00000,0,0
2026.03.27 11:27:03,2026.03.27 11:27:17,EMA,1,4432.83000,4430.85000,0.01,-1.98,-0.03,0.00,0,0.00,0.00000,0,0
2026.03.27 11:27:03,2026.03.27 11:34:39,EMA,1,4432.55000,4430.67000,0.01,-1.88,-0.03,0.00,0,0.00,0.00000,0,0
2026.03.27 17:05:16,2026.03.27 17:05:36,EMA,-1,4460.22000,4462.27000,0.01,-2.05,-0.03,0.00,0,0.00,0.00000,0,0
2026.03.27 17:59:02,2026.03.27 17:59:14,EMA,-1,4512.52000,4514.46000,0.01,-1.94,-0.03,0.00,0,0.00,0.00000,0,0
2026.03.27 17:59:03,2026.03.27 18:00:28,EMA,-1,4513.10000,4508.29000,0.01,4.81,-0.03,0.00,0,0.00,0.00000,0,0
2026.03.27 19:37:01,2026.03.27 19:37:13,EMA,-1,4514.21000,4516.23000,0.01,-2.02,-0.03,0.00,0,0.00,0.00000,0,0
2026.03.27 19:37:13,2026.03.27 19:48:38,EMA,-1,4516.29000,4518.18000,0.01,-1.89,-0.03,0.00,0,0.00,0.00000,0,0
2026.03.27 19:49:00,2026.03.27 19:50:05,EMA,-1,4519.37000,4521.17000,0.01,-1.80,-0.03,0.00,0,0.00,0.00000,0,0
2026.03.30 07:08:40,2026.03.30 07:23:36,EMA,-1,4491.15000,4493.16000,0.01,-2.01,-0.03,0.00,0,0.00,0.00000,0,0
2026.03.30 07:21:37,2026.03.30 07:23:38,EMA,-1,4491.56000,4493.46000,0.01,-1.90,-0.03,0.00,0,0.00,0.00000,0,0
2026.03.30 07:21:41,2026.03.30 07:24:27,EMA,-1,4492.24000,4494.29000,0.01,-2.05,-0.03,0.00,0,0.00,0.00000,0,0
2026.03.30 07:24:40,2026.03.30 07:44:04,EMA,-1,4495.48000,4486.55000,0.01,8.93,-0.03,0.00,0,0.00,0.00000,0,0
2026.03.30 07:24:39,2026.03.30 07:44:14,EMA,-1,4495.41000,4486.46000,0.01,8.95,-0.03,0.00,0,0.00,0.00000,0,0
2026.03.30 08:02:39,2026.03.30 08:04:04,EMA,1,4499.41000,4497.41000,0.01,-2.00,-0.03,0.00,0,0.00,0.00000,0,0
2026.03.30 08:03:28,2026.03.30 08:04:04,EMA,1,4499.35000,4497.35000,0.01,-2.00,-0.03,0.00,0,0.00,0.00000,0,0
2026.03.30 08:03:40,2026.03.30 08:09:27,EMA,1,4497.74000,4503.71000,0.01,5.97,-0.03,0.00,0,0.00,0.00000,0,0
2026.03.30 10:24:42,2026.03.30 10:34:28,EMA,-1,4529.04000,4519.29000,0.01,9.75,-0.03,0.00,0,0.00,0.00000,0,0
2026.03.30 10:24:30,2026.03.30 10:34:31,EMA,-1,4527.91000,4518.19000,0.01,9.72,-0.03,0.00,0,0.00,0.00000,0,0
2026.03.30 11:11:26,2026.03.30 11:11:39,EMA,1,4534.05000,4532.11000,0.01,-1.94,-0.03,0.00,0,0.00,0.00000,0,0
2026.03.30 11:11:26,2026.03.30 11:11:39,EMA,1,4534.13000,4532.11000,0.01,-2.02,-0.03,0.00,0,0.00,0.00000,0,0
2026.03.30 11:12:29,2026.03.30 11:20:39,EMA,1,4532.92000,4530.95000,0.01,-1.97,-0.03,0.00,0,0.00,0.00000,0,0
2026.03.30 11:15:39,2026.03.30 11:23:26,EMA,1,4532.36000,4530.36000,0.01,-2.00,-0.03,0.00,0,0.00,0.00000,0,0
2026.03.30 11:20:38,2026.03.30 11:23:29,EMA,1,4531.26000,4529.27000,0.01,-1.99,-0.03,0.00,0,0.00,0.00000,0,0
2026.03.30 22:01:05,2026.03.30 22:02:03,EMA,1,4495.95000,4501.99000,0.01,6.04,-0.03,0.00,0,0.00,0.00000,0,0
2026.03.30 22:01:01,2026.03.30 22:02:15,EMA,1,4496.94000,4502.93000,0.01,5.99,-0.03,0.00,0,0.00,0.00000,0,0
2026.03.31 07:32:35,2026.03.31 07:35:39,EMA,1,4562.77000,4560.83000,0.01,-1.94,-0.03,0.00,0,0.00,0.00000,0,0
2026.03.31 07:35:15,2026.03.31 07:35:40,EMA,1,4562.73000,4560.74000,0.01,-1.99,-0.03,0.00,0,0.00,0.00000,0,0
2026.03.31 07:31:15,2026.03.31 07:36:13,EMA,1,4562.42000,4560.42000,0.01,-2.00,-0.03,0.00,0,0.00,0.00000,0,0
2026.03.31 07:32:38,2026.03.31 08:06:37,EMA,1,4561.86000,4569.96000,0.01,8.10,-0.03,0.00,0,0.00,0.00000,0,0
2026.03.31 07:35:27,2026.03.31 08:06:37,EMA,1,4561.86000,4569.96000,0.01,8.10,-0.03,0.00,0,0.00,0.00000,0,0
2026.03.31 08:15:00,2026.03.31 08:15:28,EMA,-1,4550.51000,4552.65000,0.01,-2.14,-0.03,0.00,0,0.00,0.00000,0,0
2026.03.31 08:16:00,2026.03.31 08:16:37,EMA,-1,4554.44000,4556.56000,0.01,-2.12,-0.03,0.00,0,0.00,0.00000,0,0
2026.03.31 08:17:00,2026.03.31 08:18:36,EMA,-1,4556.67000,4558.76000,0.01,-2.09,-0.03,0.00,0,0.00,0.00000,0,0
2026.03.31 08:18:00,2026.03.31 08:18:37,EMA,-1,4556.78000,4558.90000,0.01,-2.12,-0.03,0.00,0,0.00,0.00000,0,0
2026.03.31 08:19:00,2026.03.31 08:21:20,EMA,-1,4558.34000,4560.42000,0.01,-2.08,-0.03,0.00,0,0.00,0.00000,0,0
2026.04.01 08:14:39,2026.04.01 08:19:15,EMA,1,4683.10000,4688.27000,0.01,5.17,-0.03,0.00,0,0.00,0.00000,0,0
2026.04.01 08:20:39,2026.04.01 08:26:29,EMA,1,4682.12000,4687.39000,0.01,5.27,-0.03,0.00,0,0.00,0.00000,0,0
2026.04.01 09:10:11,2026.04.01 09:10:27,EMA,-1,4687.80000,4689.81000,0.01,-2.01,-0.03,0.00,0,0.00,0.00000,0,0
2026.04.01 09:16:00,2026.04.01 09:16:36,EMA,1,4698.01000,4695.91000,0.01,-2.10,-0.03,0.00,0,0.00,0.00000,0,0
2026.04.01 09:15:00,2026.04.01 09:16:38,EMA,1,4697.52000,4695.39000,0.01,-2.13,-0.03,0.00,0,0.00,0.00000,0,0
2026.04.01 09:17:00,2026.04.01 09:17:14,EMA,1,4695.13000,4693.03000,0.01,-2.10,-0.03,0.00,0,0.00,0.00000,0,0
2026.04.01 09:18:00,2026.04.01 09:18:17,EMA,1,4698.67000,4696.57000,0.01,-2.10,-0.03,0.00,0,0.00,0.00000,0,0
2026.04.02 04:31:28,2026.04.02 04:31:30,EMA,1,4679.96000,4677.84000,0.01,-2.12,-0.03,0.00,0,0.00,0.00000,0,0
2026.04.02 04:31:28,2026.04.02 04:31:31,EMA,1,4679.55000,4677.63000,0.01,-1.92,-0.03,0.00,0,0.00,0.00000,0,0
2026.04.02 04:31:28,2026.04.02 04:31:31,EMA,1,4679.76000,4677.63000,0.01,-2.13,-0.03,0.00,0,0.00,0.00000,0,0
2026.04.02 08:10:31,2026.04.02 08:12:30,EMA,-1,4669.91000,4671.98000,0.01,-2.07,-0.03,0.00,0,0.00,0.00000,0,0
2026.04.02 08:12:25,2026.04.02 08:12:35,EMA,-1,4670.29000,4672.29000,0.01,-2.00,-0.03,0.00,0,0.00,0.00000,0,0
2026.04.02 08:12:27,2026.04.02 08:12:37,EMA,-1,4670.94000,4672.95000,0.01,-2.01,-0.03,0.00,0,0.00,0.00000,0,0
2026.04.06 07:07:36,2026.04.06 07:24:00,EMA,1,4643.84000,4641.95000,0.01,-1.89,-0.03,0.00,0,0.00,0.00000,0,0
2026.04.06 07:24:04,2026.04.06 07:36:35,EMA,1,4641.58000,4650.00000,0.01,8.42,-0.03,0.00,0,0.00,0.00000,0,0
2026.04.06 07:22:35,2026.04.06 07:37:37,EMA,1,4642.73000,4651.10000,0.01,8.37,-0.03,0.00,0,0.00,0.00000,0,0
2026.04.06 08:50:34,2026.04.06 08:51:19,EMA,-1,4659.35000,4661.52000,0.01,-2.17,-0.03,0.00,0,0.00,0.00000,0,0
2026.04.06 08:55:00,2026.04.06 08:55:44,EMA,1,4667.14000,4665.08000,0.01,-2.06,-0.03,0.00,0,0.00,0.00000,0,0
2026.04.06 08:56:00,2026.04.06 08:56:23,EMA,1,4663.94000,4661.88000,0.01,-2.06,-0.03,0.00,0,0.00,0.00000,0,0
2026.04.06 08:57:00,2026.04.06 08:57:17,EMA,1,4660.25000,4658.14000,0.01,-2.11,-0.03,0.00,0,0.00,0.00000,0,0
2026.04.06 09:00:00,2026.04.06 09:00:40,EMA,-1,4652.69000,4644.75000,0.01,7.94,-0.03,0.00,0,0.00,0.00000,0,0
2026.04.06 09:03:00,2026.04.06 09:03:59,EMA,-1,4649.03000,4648.95000,0.01,0.08,-0.03,0.00,0,0.00,0.00000,0,0
2026.04.06 09:02:00,2026.04.06 09:04:18,EMA,-1,4649.62000,4649.55000,0.01,0.07,-0.03,0.00,0,0.00,0.00000,0,0
2026.04.06 09:01:00,2026.04.06 09:04:28,EMA,-1,4650.95000,4650.89000,0.01,0.06,-0.03,0.00,0,0.00,0.00000,0,0
2026.04.06 09:04:00,2026.04.06 09:04:29,EMA,-1,4648.86000,4651.03000,0.01,-2.17,-0.03,0.00,0,0.00,0.00000,0,0
2026.04.06 09:55:30,2026.04.06 09:57:05,EMA,1,4661.34000,4659.33000,0.01,-2.01,-0.03,0.00,0,0.00,0.00000,0,0
2026.04.06 09:58:41,2026.04.06 10:04:18,EMA,1,4662.61000,4660.62000,0.01,-1.99,-0.03,0.00,0,0.00,0.00000,0,0
2026.04.06 10:03:44,2026.04.06 10:04:28,EMA,1,4661.75000,4659.80000,0.01,-1.95,-0.03,0.00,0,0.00,0.00000,0,0
2026.04.06 09:57:03,2026.04.06 10:05:04,EMA,1,4660.04000,4658.11000,0.01,-1.93,-0.03,0.00,0,0.00,0.00000,0,0
2026.04.06 09:57:04,2026.04.06 10:06:40,EMA,1,4659.52000,4657.56000,0.01,-1.96,-0.03,0.00,0,0.00,0.00000,0,0
2026.04.07 04:00:25,2026.04.07 04:00:27,EMA,1,4639.70000,4637.63000,0.01,-2.07,-0.03,0.00,0,0.00,0.00000,0,0
2026.04.07 04:00:25,2026.04.07 04:00:27,EMA,1,4639.41000,4637.34000,0.01,-2.07,-0.03,0.00,0,0.00,0.00000,0,0
2026.04.07 08:25:00,2026.04.07 08:26:20,EMA,-1,4647.37000,4642.47000,0.01,4.90,-0.03,0.00,0,0.00,0.00000,0,0
2026.04.07 08:26:00,2026.04.07 08:26:37,EMA,-1,4644.10000,4639.17000,0.01,4.93,-0.03,0.00,0,0.00,0.00000,0,0
2026.04.07 08:27:00,2026.04.07 08:28:24,EMA,-1,4639.25000,4634.36000,0.01,4.89,-0.03,0.00,0,0.00,0.00000,0,0
2026.04.07 08:28:00,2026.04.07 08:29:03,EMA,-1,4636.75000,4631.84000,0.01,4.91,-0.03,0.00,0,0.00,0.00000,0,0
2026.04.07 08:29:00,2026.04.07 08:29:39,EMA,-1,4632.63000,4634.73000,0.01,-2.10,-0.03,0.00,0,0.00,0.00000,0,0
2026.04.07 09:16:30,2026.04.07 09:18:29,EMA,1,4647.07000,4645.05000,0.01,-2.02,-0.03,0.00,0,0.00,0.00000,0,0
2026.04.07 09:15:13,2026.04.07 09:18:39,EMA,1,4646.29000,4644.25000,0.01,-2.04,-0.03,0.00,0,0.00,0.00000,0,0
2026.04.07 09:18:28,2026.04.07 09:19:27,EMA,1,4645.24000,4643.28000,0.01,-1.96,-0.03,0.00,0,0.00,0.00000,0,0
2026.04.07 09:18:30,2026.04.07 09:19:29,EMA,1,4644.98000,4642.98000,0.01,-2.00,-0.03,0.00,0,0.00,0.00000,0,0
2026.04.08 03:01:37,2026.04.08 03:01:40,EMA,-1,4843.31000,4845.28000,0.01,-1.97,-0.03,0.00,0,0.00,0.00000,0,0
2026.04.08 03:02:28,2026.04.08 03:02:37,EMA,-1,4847.85000,4849.85000,0.01,-2.00,-0.03,0.00,0,0.00,0.00000,0,0
2026.04.08 07:44:16,2026.04.08 07:46:16,EMA,1,4803.29000,4801.28000,0.01,-2.01,-0.03,0.00,0,0.00,0.00000,0,0
2026.04.08 07:47:39,2026.04.08 07:49:35,EMA,1,4800.31000,4798.33000,0.01,-1.98,-0.03,0.00,0,0.00,0.00000,0,0
2026.04.08 07:47:39,2026.04.08 07:49:36,EMA,1,4800.23000,4798.22000,0.01,-2.01,-0.03,0.00,0,0.00,0.00000,0,0
2026.04.08 07:47:40,2026.04.08 07:49:37,EMA,1,4800.15000,4798.11000,0.01,-2.04,-0.03,0.00,0,0.00,0.00000,0,0
2026.04.08 07:47:41,2026.04.08 07:49:37,EMA,1,4800.07000,4798.11000,0.01,-1.96,-0.03,0.00,0,0.00,0.00000,0,0
2026.04.09 07:13:37,2026.04.09 07:21:37,EMA,1,4721.10000,4719.09000,0.01,-2.01,-0.03,0.00,0,0.00,0.00000,0,0
2026.04.09 07:13:39,2026.04.09 07:21:40,EMA,1,4720.91000,4718.88000,0.01,-2.03,-0.03,0.00,0,0.00,0.00000,0,0
2026.04.09 07:13:40,2026.04.09 07:21:41,EMA,1,4720.79000,4718.77000,0.01,-2.02,-0.03,0.00,0,0.00,0.00000,0,0
2026.04.09 07:18:39,2026.04.09 07:28:35,EMA,1,4720.13000,4718.08000,0.01,-2.05,-0.03,0.00,0,0.00,0.00000,0,0
2026.04.09 07:20:40,2026.04.09 07:29:01,EMA,1,4719.71000,4717.71000,0.01,-2.00,-0.03,0.00,0,0.00,0.00000,0,0
2026.04.10 07:49:32,2026.04.10 07:50:34,EMA,-1,4763.47000,4765.45000,0.01,-1.98,-0.03,0.00,0,0.00,0.00000,0,0
2026.04.10 07:50:00,2026.04.10 07:50:36,EMA,-1,4763.60000,4765.61000,0.01,-2.01,-0.03,0.00,0,0.00,0.00000,0,0
2026.04.10 07:50:14,2026.04.10 07:56:04,EMA,-1,4764.42000,4760.12000,0.01,4.30,-0.03,0.00,0,0.00,0.00000,0,0
2026.04.10 07:50:14,2026.04.10 07:56:04,EMA,-1,4764.42000,4760.12000,0.01,4.30,-0.03,0.00,0,0.00,0.00000,0,0
2026.04.10 07:50:12,2026.04.10 07:56:13,EMA,-1,4764.20000,4759.93000,0.01,4.27,-0.03,0.00,0,0.00,0.00000,0,0
2026.04.10 08:42:53,2026.04.10 08:43:31,EMA,1,4764.62000,4762.64000,0.01,-1.98,-0.03,0.00,0,0.00,0.00000,0,0
2026.04.10 08:43:00,2026.04.10 08:43:39,EMA,1,4764.13000,4762.10000,0.01,-2.03,-0.03,0.00,0,0.00,0.00000,0,0
2026.04.10 08:43:19,2026.04.10 08:43:41,EMA,1,4763.78000,4761.79000,0.01,-1.99,-0.03,0.00,0,0.00,0.00000,0,0
2026.04.10 08:43:29,2026.04.10 08:45:41,EMA,1,4763.01000,4767.35000,0.01,4.34,-0.03,0.00,0,0.00,0.00000,0,0
2026.04.10 09:00:35,2026.04.10 09:05:39,EMA,1,4761.83000,4759.82000,0.01,-2.01,-0.03,0.00,0,0.00,0.00000,0,0
2026.04.10 09:10:37,2026.04.10 09:15:41,EMA,-1,4760.47000,4755.65000,0.01,4.82,-0.03,0.00,0,0.00,0.00000,0,0
2026.04.10 10:43:54,2026.04.10 10:51:28,EMA,1,4753.27000,4751.29000,0.01,-1.98,-0.03,0.00,0,0.00,0.00000,0,0
2026.04.10 10:30:37,2026.04.10 10:51:37,EMA,1,4752.68000,4750.69000,0.01,-1.99,-0.03,0.00,0,0.00,0.00000,0,0
2026.04.10 10:45:37,2026.04.10 10:51:37,EMA,1,4752.65000,4750.69000,0.01,-1.96,-0.03,0.00,0,0.00,0.00000,0,0
2026.04.10 11:00:44,2026.04.10 11:01:38,EMA,-1,4750.68000,4752.70000,0.01,-2.02,-0.03,0.00,0,0.00,0.00000,0,0
2026.04.10 11:08:37,2026.04.10 11:10:40,EMA,-1,4749.83000,4751.79000,0.01,-1.96,-0.03,0.00,0,0.00,0.00000,0,0
2026.04.10 11:02:38,2026.04.10 11:17:19,EMA,-1,4752.81000,4747.17000,0.01,5.64,-0.03,0.00,0,0.00,0.00000,0,0
2026.04.10 11:01:36,2026.04.10 11:17:19,EMA,-1,4752.55000,4746.99000,0.01,5.56,-0.03,0.00,0,0.00,0.00000,0,0
2026.04.10 12:19:28,2026.04.10 12:19:31,EMA,-1,4754.08000,4756.24000,0.01,-2.16,-0.03,0.00,0,0.00,0.00000,0,0
2026.04.10 12:19:41,2026.04.10 12:20:42,EMA,-1,4759.61000,4754.81000,0.01,4.80,-0.03,0.00,0,0.00,0.00000,0,0
2026.04.10 14:24:24,2026.04.10 14:43:35,EMA,-1,4761.54000,4763.56000,0.01,-2.02,-0.03,0.00,0,0.00,0.00000,0,0
2026.04.10 14:24:29,2026.04.10 14:44:20,EMA,-1,4761.99000,4763.98000,0.01,-1.99,-0.03,0.00,0,0.00,0.00000,0,0
2026.04.10 14:24:28,2026.04.10 14:44:20,EMA,-1,4761.94000,4763.98000,0.01,-2.04,-0.03,0.00,0,0.00,0.00000,0,0
2026.04.13 07:08:27,2026.04.13 07:14:13,EMA,-1,4713.00000,4714.97000,0.01,-1.97,-0.03,0.00,0,0.00,0.00000,0,0
2026.04.13 07:17:02,2026.04.13 07:21:15,EMA,-1,4715.69000,4710.78000,0.01,4.91,-0.03,0.00,0,0.00,0.00000,0,0
2026.04.13 07:09:05,2026.04.13 07:32:39,EMA,-1,4714.07000,4709.10000,0.01,4.97,-0.03,0.00,0,0.00,0.00000,0,0
2026.04.13 07:42:25,2026.04.13 07:42:39,EMA,-1,4716.03000,4718.07000,0.01,-2.04,-0.03,0.00,0,0.00,0.00000,0,0
2026.04.13 07:42:26,2026.04.13 07:42:39,EMA,-1,4716.15000,4718.19000,0.01,-2.04,-0.03,0.00,0,0.00,0.00000,0,0
2026.04.13 08:05:38,2026.04.13 08:13:41,EMA,1,4720.66000,4718.65000,0.01,-2.01,-0.03,0.00,0,0.00,0.00000,0,0
2026.04.13 08:12:26,2026.04.13 08:16:34,EMA,1,4720.26000,4718.26000,0.01,-2.00,-0.03,0.00,0,0.00,0.00000,0,0
2026.04.13 08:26:37,2026.04.13 08:28:36,EMA,-1,4717.68000,4719.72000,0.01,-2.04,-0.03,0.00,0,0.00,0.00000,0,0
2026.04.13 08:27:04,2026.04.13 08:29:17,EMA,-1,4718.25000,4720.19000,0.01,-1.94,-0.03,0.00,0,0.00,0.00000,0,0
2026.04.13 08:28:14,2026.04.13 08:29:18,EMA,-1,4718.29000,4720.26000,0.01,-1.97,-0.03,0.00,0,0.00,0.00000,0,0
2026.04.13 08:28:24,2026.04.13 08:29:27,EMA,-1,4718.79000,4720.76000,0.01,-1.97,-0.03,0.00,0,0.00,0.00000,0,0
2026.04.13 08:16:38,2026.04.13 08:35:39,EMA,1,4717.83000,4723.06000,0.01,5.23,-0.03,0.00,0,0.00,0.00000,0,0
2026.04.13 08:16:36,2026.04.13 08:35:41,EMA,1,4718.13000,4723.31000,0.01,5.18,-0.03,0.00,0,0.00,0.00000,0,0
2026.04.13 08:16:34,2026.04.13 08:38:28,EMA,1,4718.42000,4723.65000,0.01,5.23,-0.03,0.00,0,0.00,0.00000,0,0
2026.04.13 09:50:00,2026.04.13 09:50:40,EMA,-1,4721.65000,4723.71000,0.01,-2.06,-0.03,0.00,0,0.00,0.00000,0,0
2026.04.13 09:51:00,2026.04.13 09:52:28,EMA,-1,4722.24000,4724.31000,0.01,-2.07,-0.03,0.00,0,0.00,0.00000,0,0
2026.04.13 09:52:00,2026.04.13 09:52:38,EMA,-1,4723.09000,4725.20000,0.01,-2.11,-0.03,0.00,0,0.00,0.00000,0,0
2026.04.14 07:00:29,2026.04.14 07:17:17,EMA,-1,4769.02000,4770.92000,0.01,-1.90,-0.03,0.00,0,0.00,0.00000,0,0
2026.04.14 07:16:25,2026.04.14 07:18:31,EMA,-1,4770.00000,4771.97000,0.01,-1.97,-0.03,0.00,0,0.00,0.00000,0,0
2026.04.14 07:16:31,2026.04.14 07:19:02,EMA,-1,4770.22000,4772.25000,0.01,-2.03,-0.03,0.00,0,0.00,0.00000,0,0
2026.04.14 07:16:34,2026.04.14 07:19:06,EMA,-1,4770.57000,4772.49000,0.01,-1.92,-0.03,0.00,0,0.00,0.00000,0,0
2026.04.14 07:16:34,2026.04.14 07:19:12,EMA,-1,4770.57000,4772.54000,0.01,-1.97,-0.03,0.00,0,0.00,0.00000,0,0
2026.04.15 07:02:30,2026.04.15 07:10:16,EMA,-1,4822.78000,4824.75000,0.01,-1.97,-0.03,0.00,0,0.00,0.00000,0,0
2026.04.15 07:02:30,2026.04.15 07:10:22,EMA,-1,4822.85000,4824.87000,0.01,-2.02,-0.03,0.00,0,0.00,0.00000,0,0
2026.04.15 07:10:04,2026.04.15 07:11:26,EMA,-1,4824.02000,4826.01000,0.01,-1.99,-0.03,0.00,0,0.00,0.00000,0,0
2026.04.15 07:10:13,2026.04.15 07:11:35,EMA,-1,4824.35000,4826.35000,0.01,-2.00,-0.03,0.00,0,0.00,0.00000,0,0
2026.04.15 07:10:25,2026.04.15 07:34:38,EMA,-1,4825.15000,4827.14000,0.01,-1.99,-0.03,0.00,0,0.00,0.00000,0,0
2026.04.16 08:37:00,2026.04.16 08:39:31,EMA,-1,4827.63000,4827.55000,0.01,0.08,-0.03,0.00,0,0.00,0.00000,0,0
2026.04.16 08:39:00,2026.04.16 08:39:40,EMA,-1,4826.16000,4828.29000,0.01,-2.13,-0.03,0.00,0,0.00,0.00000,0,0
2026.04.16 08:38:00,2026.04.16 08:40:27,EMA,-1,4826.63000,4828.71000,0.01,-2.08,-0.03,0.00,0,0.00,0.00000,0,0
2026.04.16 08:35:00,2026.04.16 08:40:29,EMA,-1,4826.88000,4828.94000,0.01,-2.06,-0.03,0.00,0,0.00,0.00000,0,0
2026.04.16 08:36:00,2026.04.16 08:40:31,EMA,-1,4827.04000,4829.13000,0.01,-2.09,-0.03,0.00,0,0.00,0.00000,0,0
2026.04.16 09:51:00,2026.04.16 09:51:30,EMA,1,4829.36000,4827.30000,0.01,-2.06,-0.03,0.00,0,0.00,0.00000,0,0
2026.04.16 09:50:00,2026.04.16 09:51:37,EMA,1,4828.81000,4826.68000,0.01,-2.13,-0.03,0.00,0,0.00,0.00000,0,0
2026.04.17 08:41:30,2026.04.17 08:45:04,EMA,-1,4799.75000,4795.35000,0.01,4.40,-0.03,0.00,0,0.00,0.00000,0,0
2026.04.17 08:40:00,2026.04.17 08:45:14,EMA,-1,4799.45000,4795.07000,0.01,4.38,-0.03,0.00,0,0.00,0.00000,0,0
2026.04.17 08:44:00,2026.04.17 08:46:27,EMA,-1,4797.25000,4797.18000,0.01,0.07,-0.03,0.00,0,0.00,0.00000,0,0
2026.04.17 08:42:00,2026.04.17 08:46:28,EMA,-1,4797.39000,4797.34000,0.01,0.05,-0.03,0.00,0,0.00,0.00000,0,0
2026.04.17 08:43:00,2026.04.17 08:50:30,EMA,-1,4798.65000,4798.55000,0.01,0.10,-0.03,0.00,0,0.00,0.00000,0,0
2026.04.17 10:20:29,2026.04.17 10:21:16,EMA,1,4788.42000,4786.39000,0.01,-2.03,-0.03,0.00,0,0.00,0.00000,0,0
2026.04.17 10:37:21,2026.04.17 10:39:36,EMA,1,4788.45000,4786.37000,0.01,-2.08,-0.03,0.00,0,0.00,0.00000,0,0
2026.04.17 10:49:00,2026.04.17 10:51:37,EMA,-1,4782.25000,4782.19000,0.01,0.06,-0.03,0.00,0,0.00,0.00000,0,0
2026.04.17 10:48:00,2026.04.17 10:52:05,EMA,-1,4783.07000,4783.03000,0.01,0.04,-0.03,0.00,0,0.00,0.00000,0,0
2026.04.17 10:48:04,2026.04.17 10:54:37,EMA,-1,4783.49000,4785.52000,0.01,-2.03,-0.03,0.00,0,0.00,0.00000,0,0
2026.04.17 10:54:30,2026.04.17 11:00:38,EMA,-1,4785.22000,4787.20000,0.01,-1.98,-0.03,0.00,0,0.00,0.00000,0,0
2026.04.17 11:00:38,2026.04.17 11:01:38,EMA,-1,4787.14000,4789.12000,0.01,-1.98,-0.03,0.00,0,0.00,0.00000,0,0
2026.04.17 11:40:15,2026.04.17 11:43:16,EMA,1,4788.58000,4794.47000,0.01,5.89,-0.03,0.00,0,0.00,0.00000,0,0
2026.04.17 11:46:27,2026.04.17 11:48:37,EMA,1,4794.41000,4792.39000,0.01,-2.02,-0.03,0.00,0,0.00,0.00000,0,0
2026.04.17 11:54:13,2026.04.17 12:00:38,EMA,1,4791.31000,4797.19000,0.01,5.88,-0.03,0.00,0,0.00,0.00000,0,0
2026.04.17 11:48:40,2026.04.17 12:01:28,EMA,1,4792.07000,4798.02000,0.01,5.95,-0.03,0.00,0,0.00,0.00000,0,0
2026.04.17 12:54:41,2026.04.17 13:12:01,EMA,-1,4792.84000,4787.64000,0.01,5.20,-0.03,0.00,0,0.00,0.00000,0,0
2026.04.17 12:54:40,2026.04.17 13:12:02,EMA,-1,4792.78000,4787.60000,0.01,5.18,-0.03,0.00,0,0.00,0.00000,0,0
2026.04.17 12:54:40,2026.04.17 13:12:02,EMA,-1,4792.72000,4787.57000,0.01,5.15,-0.03,0.00,0,0.00,0.00000,0,0
2026.04.17 13:16:38,2026.04.17 13:32:15,EMA,-1,4793.17000,4787.96000,0.01,5.21,-0.03,0.00,0,0.00,0.00000,0,0
2026.04.17 13:16:38,2026.04.17 13:32:16,EMA,-1,4793.09000,4787.86000,0.01,5.23,-0.03,0.00,0,0.00,0.00000,0,0
2026.04.17 13:11:17,2026.04.17 13:32:36,EMA,1,4788.89000,4786.86000,0.01,-2.03,-0.03,0.00,0,0.00,0.00000,0,0
2026.04.17 14:28:00,2026.04.17 14:31:39,EMA,1,4791.32000,4791.41000,0.01,0.09,-0.03,0.00,0,0.00,0.00000,0,0
2026.04.17 14:29:00,2026.04.17 14:31:40,EMA,1,4793.35000,4791.26000,0.01,-2.09,-0.03,0.00,0,0.00,0.00000,0,0
2026.04.17 14:27:00,2026.04.17 14:31:40,EMA,1,4791.15000,4791.19000,0.01,0.04,-0.03,0.00,0,0.00,0.00000,0,0
2026.04.17 14:26:00,2026.04.17 14:31:41,EMA,1,4791.02000,4791.11000,0.01,0.09,-0.03,0.00,0,0.00,0.00000,0,0
2026.04.17 19:13:39,2026.04.17 19:25:35,EMA,1,4871.88000,4869.87000,0.01,-2.01,-0.03,0.00,0,0.00,0.00000,0,0
2026.04.17 19:13:41,2026.04.17 19:25:39,EMA,1,4871.58000,4869.58000,0.01,-2.00,-0.03,0.00,0,0.00,0.00000,0,0
2026.04.17 19:17:15,2026.04.17 19:29:31,EMA,1,4870.91000,4868.89000,0.01,-2.02,-0.03,0.00,0,0.00,0.00000,0,0
2026.04.17 19:17:26,2026.04.17 19:29:40,EMA,1,4870.61000,4868.59000,0.01,-2.02,-0.03,0.00,0,0.00,0.00000,0,0
2026.04.17 19:17:28,2026.04.17 19:29:41,EMA,1,4870.52000,4868.51000,0.01,-2.01,-0.03,0.00,0,0.00,0.00000,0,0
2026.04.20 01:02:00,2026.04.20 01:02:00,EMA,1,4779.73000,4779.88000,0.01,0.15,-0.03,0.00,0,0.00,0.00000,0,0
2026.04.20 07:30:16,2026.04.20 07:31:15,EMA,1,4794.69000,4792.67000,0.01,-2.02,-0.03,0.00,0,0.00,0.00000,0,0
2026.04.20 07:31:11,2026.04.20 07:32:11,EMA,1,4793.03000,4791.04000,0.01,-1.99,-0.03,0.00,0,0.00,0.00000,0,0
2026.04.20 07:31:13,2026.04.20 07:32:12,EMA,1,4792.91000,4790.96000,0.01,-1.95,-0.03,0.00,0,0.00,0.00000,0,0
2026.04.20 07:31:12,2026.04.20 07:32:12,EMA,1,4792.97000,4790.96000,0.01,-2.01,-0.03,0.00,0,0.00,0.00000,0,0
2026.04.20 07:39:28,2026.04.20 07:47:26,EMA,-1,4789.72000,4791.62000,0.01,-1.90,-0.03,0.00,0,0.00,0.00000,0,0
2026.04.20 07:38:03,2026.04.20 07:47:29,EMA,-1,4789.98000,4791.96000,0.01,-1.98,-0.03,0.00,0,0.00,0.00000,0,0
2026.04.20 07:38:03,2026.04.20 07:47:30,EMA,-1,4790.20000,4792.22000,0.01,-2.02,-0.03,0.00,0,0.00,0.00000,0,0
2026.04.20 07:38:04,2026.04.20 07:47:31,EMA,-1,4790.42000,4792.31000,0.01,-1.89,-0.03,0.00,0,0.00,0.00000,0,0
2026.04.20 07:38:13,2026.04.20 07:47:39,EMA,-1,4790.71000,4792.64000,0.01,-1.93,-0.03,0.00,0,0.00,0.00000,0,0
2026.04.21 08:41:39,2026.04.21 08:47:28,EMA,1,4795.46000,4793.48000,0.01,-1.98,-0.03,0.00,0,0.00,0.00000,0,0
2026.04.21 08:45:36,2026.04.21 08:47:30,EMA,1,4795.36000,4793.37000,0.01,-1.99,-0.03,0.00,0,0.00,0.00000,0,0
2026.04.21 08:46:33,2026.04.21 08:47:40,EMA,1,4794.93000,4792.94000,0.01,-1.99,-0.03,0.00,0,0.00,0.00000,0,0
2026.04.21 08:46:43,2026.04.21 08:48:27,EMA,1,4794.60000,4792.60000,0.01,-2.00,-0.03,0.00,0,0.00,0.00000,0,0
2026.04.21 08:46:46,2026.04.21 08:48:29,EMA,1,4794.41000,4792.41000,0.01,-2.00,-0.03,0.00,0,0.00,0.00000,0,0
2026.04.22 07:18:35,2026.04.22 07:40:29,EMA,-1,4756.76000,4753.28000,0.01,3.48,-0.03,0.00,0,0.00,0.00000,0,0
2026.04.22 07:45:32,2026.04.22 07:48:55,EMA,-1,4757.58000,4759.51000,0.01,-1.93,-0.03,0.00,0,0.00,0.00000,0,0
2026.04.22 07:46:11,2026.04.22 07:51:39,EMA,-1,4758.30000,4754.79000,0.01,3.51,-0.03,0.00,0,0.00,0.00000,0,0
2026.04.22 07:46:03,2026.04.22 07:52:28,EMA,-1,4758.18000,4754.69000,0.01,3.49,-0.03,0.00,0,0.00,0.00000,0,0
2026.04.22 07:46:01,2026.04.22 07:52:34,EMA,-1,4758.10000,4754.60000,0.01,3.50,-0.03,0.00,0,0.00,0.00000,0,0
2026.04.22 08:22:00,2026.04.22 08:24:36,EMA,1,4771.26000,4769.20000,0.01,-2.06,-0.03,0.00,0,0.00,0.00000,0,0
2026.04.22 08:23:00,2026.04.22 08:24:38,EMA,1,4771.13000,4769.06000,0.01,-2.07,-0.03,0.00,0,0.00,0.00000,0,0
2026.04.22 08:21:00,2026.04.22 08:26:29,EMA,1,4770.30000,4768.21000,0.01,-2.09,-0.03,0.00,0,0.00,0.00000,0,0
2026.04.22 08:24:00,2026.04.22 08:26:30,EMA,1,4770.18000,4768.12000,0.01,-2.06,-0.03,0.00,0,0.00,0.00000,0,0
2026.04.22 08:26:38,2026.04.22 08:29:16,EMA,1,4767.59000,4765.59000,0.01,-2.00,-0.03,0.00,0,0.00,0.00000,0,0
2026.04.23 07:03:37,2026.04.23 07:08:28,EMA,-1,4703.01000,4704.99000,0.01,-1.98,-0.03,0.00,0,0.00,0.00000,0,0
2026.04.23 07:07:35,2026.04.23 07:08:37,EMA,-1,4703.58000,4705.57000,0.01,-1.99,-0.03,0.00,0,0.00,0.00000,0,0
2026.04.23 07:07:38,2026.04.23 07:08:38,EMA,-1,4703.82000,4705.87000,0.01,-2.05,-0.03,0.00,0,0.00,0.00000,0,0
2026.04.23 07:08:27,2026.04.23 07:21:35,EMA,-1,4704.64000,4706.66000,0.01,-2.02,-0.03,0.00,0,0.00,0.00000,0,0
2026.04.23 07:08:29,2026.04.23 07:21:37,EMA,-1,4705.03000,4706.98000,0.01,-1.95,-0.03,0.00,0,0.00,0.00000,0,0
2026.04.24 07:50:00,2026.04.24 07:50:41,EMA,1,4676.01000,4673.92000,0.01,-2.09,-0.03,0.00,0,0.00,0.00000,0,0
2026.04.24 07:53:00,2026.04.24 08:01:39,EMA,1,4674.26000,4674.34000,0.01,0.08,-0.03,0.00,0,0.00,0.00000,0,0
2026.04.24 07:54:00,2026.04.24 08:01:40,EMA,1,4674.05000,4674.13000,0.01,0.08,-0.03,0.00,0,0.00,0.00000,0,0
2026.04.24 07:52:00,2026.04.24 08:01:41,EMA,1,4673.87000,4673.92000,0.01,0.05,-0.03,0.00,0,0.00,0.00000,0,0
2026.04.24 07:51:00,2026.04.24 08:06:02,EMA,1,4674.86000,4672.79000,0.01,-2.07,-0.03,0.00,0,0.00,0.00000,0,0
2026.04.24 09:27:00,2026.04.24 09:30:12,EMA,-1,4672.83000,4672.78000,0.01,0.05,-0.03,0.00,0,0.00,0.00000,0,0
2026.04.24 09:28:00,2026.04.24 09:30:15,EMA,-1,4671.14000,4673.22000,0.01,-2.08,-0.03,0.00,0,0.00,0.00000,0,0
2026.04.24 09:26:00,2026.04.24 09:30:25,EMA,-1,4671.75000,4673.83000,0.01,-2.08,-0.03,0.00,0,0.00,0.00000,0,0
2026.04.24 09:29:00,2026.04.24 09:30:26,EMA,-1,4671.93000,4674.00000,0.01,-2.07,-0.03,0.00,0,0.00,0.00000,0,0
2026.04.24 09:30:38,2026.04.24 09:46:27,EMA,-1,4674.84000,4669.73000,0.01,5.11,-0.03,0.00,0,0.00,0.00000,0,0
2026.04.24 10:15:00,2026.04.24 10:16:05,EMA,1,4680.72000,4678.61000,0.01,-2.11,-0.03,0.00,0,0.00,0.00000,0,0
2026.04.24 10:17:00,2026.04.24 10:20:14,EMA,1,4680.03000,4680.09000,0.01,0.06,-0.03,0.00,0,0.00,0.00000,0,0
2026.04.24 10:18:00,2026.04.24 10:24:29,EMA,1,4682.07000,4682.14000,0.01,0.07,-0.03,0.00,0,0.00,0.00000,0,0
2026.04.24 10:19:00,2026.04.24 10:24:39,EMA,1,4681.44000,4681.53000,0.01,0.09,-0.03,0.00,0,0.00,0.00000,0,0
2026.04.24 10:16:00,2026.04.24 10:35:38,EMA,1,4679.73000,4685.38000,0.01,5.65,-0.03,0.00,0,0.00,0.00000,0,0
2026.04.24 12:34:00,2026.04.24 12:34:29,EMA,-1,4680.30000,4682.36000,0.01,-2.06,-0.03,0.00,0,0.00,0.00000,0,0
2026.04.24 12:33:00,2026.04.24 12:34:39,EMA,-1,4681.59000,4683.65000,0.01,-2.06,-0.03,0.00,0,0.00,0.00000,0,0
2026.04.24 12:32:37,2026.04.24 12:34:40,EMA,-1,4681.79000,4683.86000,0.01,-2.07,-0.03,0.00,0,0.00,0.00000,0,0
2026.04.24 12:34:38,2026.04.24 12:42:19,EMA,-1,4683.19000,4685.12000,0.01,-1.93,-0.03,0.00,0,0.00,0.00000,0,0
2026.04.24 12:30:13,2026.04.24 12:42:28,EMA,-1,4684.49000,4686.56000,0.01,-2.07,-0.03,0.00,0,0.00,0.00000,0,0
2026.04.27 07:58:27,2026.04.27 07:59:39,EMA,-1,4724.27000,4726.26000,0.01,-1.99,-0.03,0.00,0,0.00,0.00000,0,0
2026.04.27 07:58:33,2026.04.27 07:59:40,EMA,-1,4724.42000,4726.44000,0.01,-2.02,-0.03,0.00,0,0.00,0.00000,0,0
2026.04.27 07:58:33,2026.04.27 07:59:40,EMA,-1,4724.42000,4726.44000,0.01,-2.02,-0.03,0.00,0,0.00,0.00000,0,0
2026.04.27 10:08:13,2026.04.27 10:08:39,EMA,1,4716.92000,4714.89000,0.01,-2.03,-0.03,0.00,0,0.00,0.00000,0,0
2026.04.27 10:08:15,2026.04.27 10:11:37,EMA,1,4716.61000,4714.56000,0.01,-2.05,-0.03,0.00,0,0.00,0.00000,0,0
2026.04.27 10:05:14,2026.04.27 10:11:37,EMA,1,4716.46000,4714.47000,0.01,-1.99,-0.03,0.00,0,0.00,0.00000,0,0
2026.04.27 10:11:36,2026.04.27 10:16:39,EMA,1,4714.78000,4712.85000,0.01,-1.93,-0.03,0.00,0,0.00,0.00000,0,0
2026.04.27 10:16:29,2026.04.27 10:24:40,EMA,1,4713.91000,4718.35000,0.01,4.44,-0.03,0.00,0,0.00,0.00000,0,0
2026.04.27 10:54:57,2026.04.27 10:58:39,EMA,-1,4712.15000,4714.16000,0.01,-2.01,-0.03,0.00,0,0.00,0.00000,0,0
2026.04.27 10:58:40,2026.04.27 11:23:37,EMA,-1,4714.21000,4709.79000,0.01,4.42,-0.03,0.00,0,0.00,0.00000,0,0
2026.04.27 11:47:40,2026.04.27 11:51:37,EMA,-1,4714.77000,4710.33000,0.01,4.44,-0.03,0.00,0,0.00,0.00000,0,0
2026.04.27 13:35:34,2026.04.27 13:41:28,EMA,1,4705.95000,4709.87000,0.01,3.92,-0.03,0.00,0,0.00,0.00000,0,0
2026.04.27 13:35:12,2026.04.27 13:45:40,EMA,1,4706.85000,4710.78000,0.01,3.93,-0.03,0.00,0,0.00,0.00000,0,0
2026.04.27 14:14:28,2026.04.27 14:16:12,EMA,1,4704.60000,4702.57000,0.01,-2.03,-0.03,0.00,0,0.00,0.00000,0,0
2026.04.27 14:14:38,2026.04.27 14:16:17,EMA,1,4704.25000,4702.23000,0.01,-2.02,-0.03,0.00,0,0.00,0.00000,0,0
2026.04.27 14:14:39,2026.04.27 14:16:17,EMA,1,4704.18000,4702.19000,0.01,-1.99,-0.03,0.00,0,0.00,0.00000,0,0
2026.04.27 14:19:26,2026.04.27 14:22:15,EMA,-1,4704.22000,4700.54000,0.01,3.68,-0.03,0.00,0,0.00,0.00000,0,0
2026.04.27 14:26:29,2026.04.27 14:29:15,EMA,-1,4705.21000,4707.18000,0.01,-1.97,-0.03,0.00,0,0.00,0.00000,0,0
2026.04.28 10:11:59,2026.04.28 10:12:38,EMA,1,4635.33000,4633.30000,0.01,-2.03,-0.03,0.00,0,0.00,0.00000,0,0
2026.04.28 10:28:27,2026.04.28 10:31:39,EMA,-1,4628.84000,4630.89000,0.01,-2.05,-0.03,0.00,0,0.00,0.00000,0,0
2026.04.28 10:26:30,2026.04.28 10:31:40,EMA,-1,4629.17000,4631.17000,0.01,-2.00,-0.03,0.00,0,0.00,0.00000,0,0
2026.04.28 10:27:03,2026.04.28 10:32:20,EMA,-1,4629.75000,4631.71000,0.01,-1.96,-0.03,0.00,0,0.00,0.00000,0,0
2026.04.28 10:25:14,2026.04.28 10:32:29,EMA,-1,4630.93000,4632.95000,0.01,-2.02,-0.03,0.00,0,0.00,0.00000,0,0
2026.04.28 10:32:20,2026.04.28 10:32:37,EMA,-1,4631.76000,4633.76000,0.01,-2.00,-0.03,0.00,0,0.00,0.00000,0,0
2026.04.29 07:14:39,2026.04.29 07:19:13,EMA,1,4601.05000,4599.05000,0.01,-2.00,-0.03,0.00,0,0.00,0.00000,0,0
2026.04.29 07:16:27,2026.04.29 07:26:20,EMA,1,4599.96000,4597.96000,0.01,-2.00,-0.03,0.00,0,0.00,0.00000,0,0
2026.04.29 07:25:16,2026.04.29 07:30:23,EMA,1,4598.93000,4603.00000,0.01,4.07,-0.03,0.00,0,0.00,0.00000,0,0
2026.04.29 07:19:14,2026.04.29 07:30:24,EMA,1,4599.04000,4603.10000,0.01,4.06,-0.03,0.00,0,0.00,0.00000,0,0
2026.04.29 07:19:13,2026.04.29 07:30:25,EMA,1,4599.11000,4603.15000,0.01,4.04,-0.03,0.00,0,0.00,0.00000,0,0
2026.04.29 08:29:28,2026.04.29 08:31:40,EMA,-1,4600.79000,4597.28000,0.01,3.51,-0.03,0.00,0,0.00,0.00000,0,0
2026.04.29 08:28:39,2026.04.29 08:31:41,EMA,-1,4600.66000,4597.10000,0.01,3.56,-0.03,0.00,0,0.00,0.00000,0,0
2026.04.29 08:24:26,2026.04.29 08:32:27,EMA,-1,4600.04000,4596.57000,0.01,3.47,-0.03,0.00,0,0.00,0.00000,0,0
2026.04.29 08:51:03,2026.04.29 08:53:40,EMA,-1,4601.95000,4598.45000,0.01,3.50,-0.03,0.00,0,0.00,0.00000,0,0
2026.04.29 08:51:02,2026.04.29 08:53:40,EMA,-1,4601.85000,4598.35000,0.01,3.50,-0.03,0.00,0,0.00,0.00000,0,0
2026.04.29 11:59:12,2026.04.29 11:59:37,EMA,1,4575.74000,4573.73000,0.01,-2.01,-0.03,0.00,0,0.00,0.00000,0,0
2026.04.29 11:59:15,2026.04.29 11:59:39,EMA,1,4575.26000,4573.31000,0.01,-1.95,-0.03,0.00,0,0.00,0.00000,0,0
2026.04.29 11:59:27,2026.04.29 12:00:27,EMA,1,4574.32000,4572.36000,0.01,-1.96,-0.03,0.00,0,0.00,0.00000,0,0
2026.04.29 11:59:27,2026.04.29 12:00:27,EMA,1,4574.32000,4572.36000,0.01,-1.96,-0.03,0.00,0,0.00,0.00000,0,0
2026.04.29 11:59:36,2026.04.29 12:00:30,EMA,1,4573.91000,4571.89000,0.01,-2.02,-0.03,0.00,0,0.00,0.00000,0,0
